id,text,source
0,"Trevor Watkis - Routes (Bandcamp Friday Challenge). Decided to debut a new weekly feature here. Newer musicians need all the help they can get and purchases from Bandcamp stores can go a long way. The tune featured here is by pianist Trevor Watkins, who is one of the more talented jazz pianists from the UK. His stye is very reminiscent of Mulgrew Miller. Here he is paired with saxophonist Ralph Moore playing music inspired by underrated jazz trumpeter Dizzy Reece. If you purchased, Let others know and like and comment on bandcamp. The challenge is on! [Trevor Watkis Routes in Jazz Group: The Music of Dizzy Reece | Trevor Watkis](https://trevorwatkis.bandcamp.com/album/trevor-watkis-routes-in-jazz-group-the-music-of-dizzy-reece-2)",Reddit
1,"Jazz Listening Club v2 prior weeks. NOTE: THE CURRENT WEEK'S ALBUM/THREAD IS ALSO A STICKY AT THE TOP OF THE SUB  ALSO NOTE: If you have any nominations for albums to do in a coming week, PLEASE DM ME!  Here are all the prior weeks of our Jazz Listening Club reboot.  Feel free to comment on any of them as well. Reviving any of these old threads is very welcome!  Many old threads from several years ago (the original jazz listening club) can still be found if you search ""JLC"" as well, if you care to.  Happy listening!  Current album: [Jazz Listening Club #16 - Arthur Blythe - ""Lenox Avenue Breakdown"" (1979)](https://www.reddit.com/r/Jazz/comments/1n6b7r9/jazz_listening_club_16_arthur_blythe_lenox_avenue/)  https://preview.redd.it/ffeq3grhuomf1.jpg?width=600&format=pjpg&auto=webp&s=345973cda4db8acd44f271fee351527f5b486237  Prior weeks:  [Jazz Listening Club #15 - Ahmad Jamal - ""Ahmad's Blues"" (1958)](https://www.reddit.com/r/Jazz/comments/1mh2nn4/jazz_listening_club_15_ahmad_jamal_ahmads_blues/)  [Jazz Listening Club #14 - Salah Ragab and The Cairo Jazz Band - ""Egyptian Jazz"" (1973, re-issued 2021)](https://www.reddit.com/r/Jazz/comments/1lpeevr/jazz_listening_club_14_salah_ragab_and_the_cairo/)  [Jazz Listening Club #13 - The Empress - ""Square One'"" (2025)](https://www.reddit.com/r/Jazz/comments/1lcbfwt/jazz_listening_club_13_the_empress_square_one_2025/)  [Jazz Listening Club #12 - Dave Holland Quintet - ""Not for Nothin'"" (2001)](https://www.reddit.com/r/Jazz/comments/1kx49t7/jazz_listening_club_12_dave_holland_quintet_not/)  [Jazz Listening Club #11 - Grant Stewart Trio - ""Roll On"" (2017](https://www.reddit.com/r/Jazz/comments/1kmv85m/jazz_listening_club_11_grant_stewart_trio_roll_on/))  [Jazz Listening Club #10 - Eberhard Weber - ""The Colours of Chloë"" (1973)](https://www.reddit.com/r/Jazz/comments/1ket4cd/jazz_listening_club_10_eberhard_weber_the_colours/)  [Jazz Listening Club #9 - Sonny Fortune - ""Serengeti Minstrel"" (1977)](https://www.reddit.com/r/Jazz/comments/1k9oafr/jazz_listening_club_9_sonny_fortune_serengeti/)  [Jazz Listening Club #8 - Zoot Sims - ""Zoot Sims and the Gershwin Brothers"" (1975)](https://www.reddit.com/r/Jazz/comments/1jyrv24/jazz_listening_club_8_zoot_sims_zoot_sims_and_the/)  [Jazz Listening Club #7 - Branford Marsalis - ""Trio Jeepy"" (1998)](https://www.reddit.com/r/Jazz/comments/1jsavvr/jazz_listening_club_7_branford_marsalis_trio/)  [Jazz Listening Club #6 - Kenny Barron - ""Wanton Spirit"" (1994)](https://www.reddit.com/r/Jazz/comments/1jjbse9/jazz_listening_club_6_kenny_barron_wanton_spirit/)  [Jazz Listening Club #5 - Dexter Gordon - ""Go!"" (1962) ](https://www.reddit.com/r/Jazz/comments/1jdmfen/jazz_listening_club_5_dexter_gordon_go_1962/)  [Jazz Listening Club #4- Amina Figarova- ""Above the Clouds"" (2008)](https://www.reddit.com/r/Jazz/comments/1iwv8z0/jazz_listening_club_v2_4_amina_figarova_above_the/)  [Jazz Listening Club #3 - Joel Ross - ""nublues"" (2024)](https://www.reddit.com/r/Jazz/comments/1ilm904/jazz_listening_club_v2_3_joel_ross_nublues_2024/)  [Jazz Listening Club #2 - Christian McBride & Inside Straight - ""Live at the Village Vanguard"" (2021)](https://www.reddit.com/r/Jazz/comments/1ig6zei/jazz_listening_club_v2}} to} p}_2_christian_mcbride_inside/)  [Jazz Listening Club #1 - Artemis - ""In Real Time"" (2020)](https://www.reddit.com/r/Jazz/comments/1ia46gz/jazz_listening_club_v2_1_artemis_in_real_time_2020/?sort=top)",Reddit
2,"I listened to A Love Supreme for the first time… and wow. How did no one tell me?. So I finally sat down and listened to John Coltrane’s A Love Supreme front to back, totally undistracted, headphones on, lights low, and I swear it felt like my brain got rewired. I knew it was important in the abstract “music history” sense, but I don’t think anyone prepared me for how emotionally overwhelming and alive it sounds. The way it builds from that simple, meditative motif into something huge and explosive, it’s like you can hear Coltrane wrestling with something cosmic and personal at the same time. By the time “Psalm” hit, I just kind of sat there staring at the wall like I’d been hit with a revelation. Honestly, it blows my mind that this isn’t talked about outside jazz circles more often. You always hear people say “you’ve gotta listen to Kind of Blue” or “check out Mingus,” which are great, but A Love Supreme is on a whole other spiritual wavelength. It feels like an album people who don’t even think they like jazz could connect with. I’m still riding the high from that first listen. Anyone else have that “ohhh… THIS is why people worship Coltrane” moment? Or any recommendations for what to dive into now that I’ve opened this particular door?",Reddit
3,I think I remember clifford. ,Reddit
4,No Spotify wrapped but I did buy way too many CDs this year. ,Reddit
5,Jazz Xmas albums. Realized I don't really have too many good Christmas albums. What are your favorite jazz Christmas albums?,Reddit
6,Spotify: Your listening age is 85. Me: Thank you!. ,Reddit
7,"Beginner jazz lover here, need suggestions please!. Hi! A few weeks ago I was looking for something different to listen to, tired of my same playlists of songs that have been on rotate in my head for 35 years 🙃 anyways, I found a jazz chill playlist on Apple Music and I am so hooked..can’t contain my excitement hooked. Any chance I get I turn it on, something about the combination of the beautiful music and no words just takes me on so many happy journeys in my head. I have no idea where to start or what to search for, but I need more of this in my life. Can you guys recommend albums, songs, artists? I will say I’m more interested in calm jazz, not make my heart beat faster because the music gets fast and wild jazz. Thank you!! ",Reddit
8,"Could we please get a single pinned mega thread for all the Spotify / etc posts?. It gets really tedious to have your feed flooded with a ton of individual posts about their Spotify or other app stats. This stuff is largely irrelevant to everyone else, and every year in December, all the music subs that don't take steps to corral this spam get overrun for a month.   Mods please save us you're our only hope ",Reddit
9,Aura Urziceanu - Once I Met a Day [1980]. ,Reddit
10,"Keith Jarrett's song 'Somewhere/Everywhere' is the best thing I've ever heard. I hear spcae. I hear modal music. I hear Alice Coltrane I hear rock (not the sound or structure, but the chord progressions the last third of this). I hear interplay I can't conceive exists.  [https://www.youtube.com/watch?v=zNqTFHFj3-4](https://www.youtube.com/watch?v=zNqTFHFj3-4)",Reddit
11,Best books about hard bop era?. ,Reddit
12,Healing my nervous system one Bill Evans Trio album at a time. ,Reddit
13,Not surprised. I fell like I’ve streamed this song at least twice as much as this says though. I know I played it religiously for a good portion of the year. It touched my spirit. ,Reddit
14,"Gregory Porter- Puttin' On The Ritz. Gregory Porter has in a way claimed the role of the premier male jazz vocalist of the modern era. This is not without warrant since he is an outstanding interpreter of jazz standards. This album which was his breakout album features so many great renditions on it. I choose this one because I feel it may be one of the better versions of the Irving Berlin standard. If you haven't heard Mr. Porter yet, here is your opportunity. On Spotify, Apple Music, Tidal, etc. [Velvet Fog|Male Jazz Singers|Playlist](https://www.fivedragonsmusic.com/malejazzvocalistsplaylist)",Reddit
15,I kept it pretty tight this year. Looks like this very busy stressful year put me in a mood for a tight focus on relaxing swing,Reddit
16,"Tenorio Junior-An underrated Brazilian jazz musician. I only found about this Tenorio Junior  at the beginning of the year from a movie called "" They Shot The Piano Player."" (Btw beautiful visuals and music)  After listening to his music, I'm more surprised not more people are talking about his music. He only managed to released 1 album of music and how would I describe it?? I felt like I'm transported to another world. His music transcends my ear canal 😂 plus what I know about jazz. It so lively yet I can just sink right into it.  Sadly he was captured by the Argentinian Government during the 70s, they thought he was a spy according to what I read. Forensics scientist managed to find his body just this year in September. ",Reddit
17,What does this swoop next to the clef at the start of every line mean?. i play bass trombone btw if that's a clue,Reddit
18,Merry Christmas! Jazz Fusion Cover of the Grinch Song I Made.. [Spotify link](https://open.spotify.com/album/2o1WmclxoQ6oLNffvR6KAP?si=9U9vAgzkQ_2HW5zMLlKw-Q),Reddit
19,Nina Simone’s Childhood Home Has Been Restored. She's a legend. ,Reddit
20,"Nadav Haber with Emahoy Tsege Mariam Gebru in 2006. You might have heard of Emahoy Tsege, an Ethiopian nun who plays jazz piano as well. I recently discovered  Nadav Haber, a jewish tenor sax who primarily plays Ethio-Jazz. Here is a video clip of the two meeting in 2006.  Nadav Haber also made an album you should check out called[ Coltrane Meets North Ethiopia ](https://www.youtube.com/playlist?list=PLwX_n1_Vxmg_m17zBqdK3Oq5tkKcfJQnO)were he remakes some Coltrane classics in his unique Ethio-jazz style.",Reddit
21,Really got into this album this past year.. It’s worth a listen if you haven’t check it out already. ,Reddit
22,This album is fire! Does anyone have another stuff that has similar vibe?. ,Reddit
23,"What’s your favorite David Sanborn track??. Mine are “Straight to the Heart,” “Lisa,” and “Comin’ Home Baby.”",Reddit
24,Roland Kirk - The Inflated Tear (1968). ,Reddit
25,Another listeners of Nu Jazz around here?. Top artists of yours? ,Reddit
26,Kurt Rosenwinkel Quartet feat Eric Alexander - Along Came Betty. ,Reddit
27,Metheny's Trio-Live album is the some of the best music ever recorded. ,Reddit
28,Can I have help picking out this sample?. The song is: keep.us -Eli the Guy. He’s rapping over it and I love the song but not knowing the sample is killing me. It’s right on the tip of my tongue. I was thinking Cortex or Sarah Vaughn or Ryu Fuiki?,Reddit
29,"Jazz news channels. What’s your favorite way of keeping up to date with new jazz releases? Local, international, acoustic, fusion, blog, playlist, review, newsletter, record store, magazine, fanzine, doesn’t matter. As long as it reaches your ears within a few weeks/months after release.  Not looking for «following x artist/label on social media/bandcamp», that’s too specific. But any social media accounts/channels that feature new jazz releases is great, as long as it’s somehow curated.  Bonus points if they also feature reissues, remasters etc.  I’ll start with this local website for new Norwegian jazz releases: https://jazzinorge.no/utgivelser/  And obviously there’s Spotify editorial playlists like ‘State of Jazz’ and ‘Fresh Finds Jazz’, they’re great but I hate the fact that there’s no archive.",Reddit
30,The Coveted Listening Age. ,Reddit
31,"Your favorite ballads?. Probably not the first time this question has been asked here.   Me, I've always had a soft spot for ""The Nearness of You"". My favorite version is probably the one on Ella & Louis, which is also where I first heard the tune. Although I'm just now listening to a recording by Red Garland from his album of the same name, which is also not half bad.   What are your favorite ballads?",Reddit
32,"Jerry Hahn - Moses (1973). Here's a gem worth digging up. Jerry Hahn first made a mark with the Jerry Hahn Brotherhood in the late '60s, a psychedelic jazz fusion outfit. This album, Moses, from 1973 is fizzy and funky. Merl Saunders handles keyboards. This has never been rereleased so is not an easy find. I hope someday it will be rediscovered.",Reddit
33,"How many minutes did you listen? Spotify wrapped, apple rewind, etc. I was surprised by how little time I seemed to spend—2000 minutes on Spotify and 2000 on Apple Music. Then I realized that I’ve only had Apple Music for three months. And then I realized I listen more on YouTube at work than anywhere else. Still, should spend more time listening. In any case it made me curious how much everyone is listening. Saw one friend listened to Bill Evans for 20,000 minutes and was wondering how everyone here stacks up lol.",Reddit
34,"John Coltrane - Dearly Beloved. First time listening to this album, and I like it.",Reddit
35,"Favourite recordings of jazz samba/bossa nova standards?. I really love samba and bossa nova and was wondering if there are any recorded performances that you particularly like, wether they are jazz interpretations or else (they could even be other genres or strictly samba).  I’m particularly interested in performances of these pieces (but any other recommendation is welcome):  Samba do aviao  Chega de saudade (aka no more blues)  Sabia  Aquarela do brasil (Brazil)     ",Reddit
36,"Nearness of you, sweet version. I have listened so many versions of this song, many were very artistic, but for me this is the nicest, because sweet version. I don't know the artists names, the video was on youtube and then was gone, so i uploaded to not lose it again.  Nearness of you link (simple and sweet version)   [https://www.youtube.com/watch?v=BqYAic90t3I](https://www.youtube.com/watch?v=BqYAic90t3I)  I like the song alot if you have favourite versions if you can post in comments! Youtube links even better",Reddit
37,"Äkäset Väkäset. Jazz from Finland! I just didn't like it the other way round..(Finnish Jazz). Big thanks to the person who posted a vid of them playing in a large van, on a rainy day, in a car wash. Hope you enjoy the tune. Cheers",Reddit
38,"Flea Releases First Solo Jazz Single, Full Album to Follow in 2026. ",Reddit
39,"Justin Hurwitz - Same musical motifs (Babylon, La La Land & Whiplash). I've been listening to Babylon's music recently. And I cant stop feeling that I've listened to the music before. After having heard all of the album 2-3 times, I think small motifs in one song or the other are directly reminiscent of La La Land's music  Forr example,  The very last 8 notes of **Gold Coast Rhythm - Jack's Party** are the exact same notes of *'you're-the-some-one-waiting-to-be-found'* from La La Land's **Someone in the Crowd**)  The entire first half of **Levántate** reminds me of Whiplash's final song.  This is someone Laufey does with her music as well.  So, as a person who hasn't heard much Jazz, I guess what I'm trying to ask is, is this theme of recycling best bits of your song in your own new creation common? Or is this just a coincidence?",Reddit
40,What is your favorite jazz song or artist. ,Reddit
41,"Current/new artists recommendations. I'm looking at getting into some new Jazz artists and have recently got into Yussef Deyes, Ezra Collective and Mark Kavuma as more recent artists but the vast majority I typically buy is a lot of 50s/60s Hard Bop and Cool Jazz (Dexter Gordon, Clifford Brown, 50s Miles, Freddie Hubbard, Art Pepper, Chet Baker, Horace Silver, Lee Morgan, Hank Mobley etc .)  Can anyone recommend any new artists that would fit the bill?    EDIT:  Thanks all so much for the recommendations. I will be working my way through them and having a good listen! 👍",Reddit
42,"Eric Dolphy - Booker's Waltz (Live). This along with Thelonious Monk's concert with John Coltrane are the two premier Five Spot concert performances. Here we see Eric Dolphy on bass clarinet in a more user friendly performance. There is still a lot of Dolphy's signature style but not at the level of his more adventurous work. We also hear the gone too early trumpeter Booker Little playing on his namesake piece. This is just a splendid performance by two legends that left us far too early. Enjoy.  On Spotify, Apple Music, Tidal, etc. [Jazz Waltz|Jazz Music|Playlist](https://www.fivedragonsmusic.com/jazzwaltzplaylist)",Reddit
43,Music History Events: Jazz albums recorded Dec. 3. [Music History Events: Jazz albums recorded Dec. 3](https://sheetmusiclibrary.website/2025/12/03/jazz-albums-recorded-dec-3/),Reddit
44,Grover Washington Jr. final performance. Does anyone know what piece Grover Washington Jr. played on his final performance? Love it but I can't find the title: [https://www.youtube.com/watch?v=55cvwcWHcqQ&t=83s](https://www.youtube.com/watch?v=55cvwcWHcqQ&t=83s),Reddit
45,"Upbeat recordings of You Must Believe in Spring (Chanson de Maxence) ?. Hello! I'd like to submit this song for my current jazz workshop group, but I want to play it in an upbeat swingy fashion, as it can be heard for a moment in the original recording in The Young Girls of Rochefort: [https://youtu.be/lp41bjlLS4U?si=R-fDotb\_4kT4ovf2](https://youtu.be/lp41bjlLS4U?si=R-fDotb_4kT4ovf2) (two minutes in).     I have been looking around but I could find slow and moody covers. Anyone knows of uptemp ones?     Thanks a lot",Reddit
46,"How to start jazz saxophone as a classical pianist?. Hey guys, I'm pretty new to the world of jazz, not to mention how bad I currently am with the saxophone.   I've been a piano player for around 10 years, playing classical sheet music. Though I have knowledge on basic chord structures, but I have no idea on how to improvise.      I started saxophone around 3 months ago, and I believe I do have some ground with making sounds and moving my fingers around. However, I still struggle on using the instrument for jazz, which I believe is the pinnacle of the saxophone (sorry classical players).     I have been listening to jazz for quite some time though, starting with Japanese fusion jazz (t-square) and landing on more standard jazz / bebop players (Charlie Parker, Coltrane, Cannonball Adderley) recently.      Where do you think I should begin?    Is it enough just making myself comfortable with all of the jazz scales? Do I need to start ear training to get absolute pitch? Do I transcribe?     Every time I look for information I get bombarded with exercises, and I surely do not think that any one can do them all at once. Please help me if you have any tips.      Thank you!",Reddit
47,Grover Washington 🔥. ,Reddit
48,My retrospective on Tidal gave it!. And how was your year there? Show in the comments,Reddit
49,How good is James Carter?. I've been waiting for this man to come to SoCal for a very very long time.   He is number one on my list of must see,Reddit
50,What is your taste?. Do you like/dislike some of the artists on this list? I'd love to hear some opinions ,Reddit
51,My 2025 Spotify Wrapped. These are my top artists and top 5 songs. What do y’all think?,Reddit
52,"For My Students. I teach HS guitar ensemble and am doing a jazz unit. One component is a history of jazz; I want to show one good live performance from each era below (I know there's more I could cover). I'll do separate lessons on major musicians like Miles, Bird, etc. later, so this is more focused on demonstrating how the sound of jazz changed over time.  Doesn't have to be guitar.  What are some videos of live performances that you like? I have my own ideas but there's a lot out there. Something that inspires you or makes you excited. Trad jazz is the hardest to find, for me. Thanks!  Trad Jazz   Swing   Bebop   Cool Jazz   Hard Bop   Avant-Garde   Latin Jazz   Fusion   Modern Jazz (1980s to now, etc.)",Reddit
53,"looking for a specific underground sort of guitarist that had to slow production/touring because of worsening health issues. bit of a tipofmytongue situation so I'll describe it as best I can  Was a bit of jazz/fusion/avant garde sort of character, can't describe it very well beyond that.  I believe this person was Serbian or maybe Czech or something, but i also have a tiny memory of Australian. I first saw him play a live gig on youtube and I feel like he's either an Australian guy and the gig was in Serbia or he's Serbian and playing a gig in Australia.  They had, iirc some kind of worsening degenerative disease like ALS. It's absolutely not the more obvious ones like a Jason Becker, and it wasn't something from the 70s or anything. He's relatively young and I think the gig I saw him playing was from ~10 years ago.",Reddit
54,Duke Pearson. I've been listening to his Profile album on repeat and I never seem to tire of it.  Just thought I'd share in case anyone hasn't heard it.  ,Reddit
55,"Recommendations to leave you feeling bereft. I have been obsessed with gene ammons and am looking for more hauntingly beautiful saxophone players (or any instrument actually tbh). I listen to a lot of bill evans and miles of course but like gimme some deep cuts if you got em pwease 👉🏻👈🏻  to be more specific, what I love about gene ammons are his dynamics and phrasing. he is so tender with it, “my romance” just breaks my heart. who else should I check out? truly devastating vibes, like “it never entered my mind” type of energy. ",Reddit
56,what is he playing?. ,Reddit
57,"Duke Ellington & His Orchestra  in Bergen, Norway (1969). It's Sir Duke Ellington and his Orchestra. IMHO I think this particular performance just plain olde swings! I recall finding this performance on one of my fathers LP's (yes I still have em.. OMG there are about 10 Jimmy Smith LP's in there as well). Ok, no snark or shade.. It's Duke! No comparing him to anyone else not even Basie who I absolutely love. that said I knda wish Mel Brooks filmed this scene with Duke's orchestra as well.. Enjoy the the tunes https://youtu.be/ZzKUVsHL7ac?si=GSYjOSq6SF1KDo-o",Reddit
58,"any idea on this ""musician""? I hope it's not AI because this sh*t is getting indistinguishable at this point.. ",Reddit
59,"3hr jazz mix. 3 hours of uninterrupted jazz. bop, post-bop, funk, and more. i was a DJ at KGNU in denver for many years and this was the final mix i produced for them. sadly, they never aired it, so i thought maybe it would find some love online.",Reddit
60,Ramsey Lewis Trio - Summer Breeze (1973). ,Reddit
61,"Harry Connick Jr. gently corrects the crowd.. His jazz output is not all that great, but this is a slick move that put the crowd on the good foot. ",Reddit
62,"New Kamasi Washington song with Cordovas: ""Wings"". ",Reddit
63,"Eugen Cicero - Swinging Bach [Video] I love baroque and jazz, this is a bloody brilliant 🎼. ",Reddit
64,Possibility of lightning. I need more. MORRRRE. Cannot get enough of Halvorson,Reddit
65,If you don’t have a jazz fusion group as top artists for 2025 you should leave this community. ,Reddit
66,"Free PDF & Play-Along of ""Bluesgiving"". The free PDF & Play-Along for ""Bluesgiving"" is now up on the Eeanduh Publishing website! (Link in comments) Check it out and let me know what you think!",Reddit
67,Solo Jazz Recommendations?. I played my tenor sax recently at a local open mic and was wondering for song recommendations to learn! I’ve played In a sentimental mood and Georgia on my mind but wanted to try some new songs! I’m honestly down to learn anything so do you guys have any favorites? ,Reddit
68,"I’m looking for winter holiday vibe albums.. I’m looking for winter cabin feel vibes, Christmas music can only get us so far. Although not completely jazz George Winston - December; this is kinda the vibe I’m looking for. Any suggestions?",Reddit
69,My 2025 Deezer year as a jazz listener. What about yours ? :),Reddit
70,Can't beat $2 Goodwill finds.... ,Reddit
71,Music History Events: Jazz albums recorded Dec. 2. [Music History Events: Jazz albums recorded Dec. 2](https://sheetmusiclibrary.website/2025/12/02/jazz-albums-recorded-dec-2/),Reddit
72,福居良 (Ryō Fukui) - What's New [1977]. ,Reddit
73,"Lenny Breau - Bonaparte's Retreat. One of the many things I love about this reddit is that it introduces one to jazz musicians that you often wouldn't hear elsewhere. One such musician you fine folks introduced me to was Lenny Breau. I am always on the lookout for great jazz guitarists and Mr. Breau fits that need. Lenny has such a fine touch on seven string guitar as well as very good voice. A very unique mix of jazz, country music and folk music styles. Hope you enjoy.  is such On Spotify, Apple Music, Tidal, etc. [Jazz Guitar|All Jazz Guitar|Playlist](https://www.fivedragonsmusic.com/jazzguitarmusic)",Reddit
74,"I Want a Little Girl - Oscar Peterson. Title aside, I mean...come on",Reddit
75,The Spirit of B.B. King - Centennial Tribute - Tribute Art. ,Reddit
76,"Why does the blue note LA have a way better lineup than NYC.... Was hoping to drive down to the city to see a show between the end of the semester and christmas, but I checked the blue note NYC's lineup and it's all either Chris Botti or the harlem gospel choir. Neither of which I care to see very much. Look at the blue note LA lineup just out of curiosity, it's awesome shows every night like Derrick Hodge, Robert Glasper, Charles Lloyd, Mohini Dey - is there somewhere else in NYC I should be looking? What happened to blue note NYC?",Reddit
77,UNT One O'Clock Lab Band: Kyle Myers - Red Herring (2018). ,Reddit
78,"Søren Skov Orbit - Adrift. I just stumbled* on to this and it's really great. At first I thought this was just another band doing ethio groove, which I didn't hate… but the album really opens up into other kinds of groove, and this one in particular made me want to post.  *""More like… Tomin"" who is also pretty new to me but a great find.",Reddit
79,Ground-Zero - Revolutionary Pekinese Opera Ver. 1.28 (1996). Japanese super avant-garde mashup of a range of sources. Vital listen if you're into intense and destructive free jazz.,Reddit
80,The Heavyweights Brass Band - The Gem. ,Reddit
81,CRITICAL ANNOUNCEMENT. While hanging Christmas lights today I listened to this album at very high volume.  Anyone who is found to have not done the same within the next 4 weeks will be permanently banned from the sub.  Enjoy! 🎄🔥🎹🎸🎷🥁,Reddit
82,Mr. Dominator. Just need to say wow.. Connie's playing and energy is noteworthy!,Reddit
83,"Easy listening, no skip — Breezin’. George Benson – Breezin’ (1976)  This album really is a no-skip kind of record from start to finish. Smooth, warm, and effortless — the kind of jazz that doesn’t ask for attention, but slowly wins it.  George Benson’s guitar just glides through every track with this clean, soulful touch. Nothing feels rushed, nothing feels overplayed. It’s jazzy, but friendly. Sophisticated, but easy to live with...., and makes you relax too.",Reddit
84,"Highly recommend. One of the best books on jazz I’ve read.. I don’t believe I’ve read a book that captures the social/cultural/political aspects of the art form quite like Amiri Baraka does, while simultaneously giving you a deep insight into what the jazz scene in the mid-60s in NYC was actually like at its most fundamental.   A lot of the biographies are great, but don’t necessarily capture the mindset of what it meant to make this kind of music, why it was so important to the Black experience, and how that ultimately came to shape American culture.  Anyways, the writing and prose is fantastic. The perspective challenges you. And he’s got a lot to say about a lot of the artists we always talk about here. Would highly recommend for anyone on a jazz journey. ",Reddit
85,"Hiromi's Sonicwonder - XYZ (Official Audio). Hiromi – piano & keyboards Hadrien Feraud – bass Gene Coye – drums Adam O’Farrill – trumpet, w/pedals",Reddit
86,"small circle for passionate musicians to be themselves.. trolls, unserious people, know-it-alls, they're everywhere, I've always wanted to talk to calm musicians who have are passionate, I never found them.  this is a discord server I made for passionate musicians to gather and be themselves without judgement, we'll all help each other improve our craft, it'll be a close little family.  if you want to meet people who want genuine connection with like-minded, mature individuals, feel free to join this server, I'll try my best to personally greet you the moment you join!  here is the link: https://discord.gg/JkvyPNC9W",Reddit
87,The Crusaders My Lady[1979]. ,Reddit
88,Martian Sunset by Bill Ware and the Club Bird All Stars. Worth a listen.  [https://sunnysiderecords.bandcamp.com/album/martian-sunset](https://sunnysiderecords.bandcamp.com/album/martian-sunset),Reddit
89,New Solo Jazz Record. Listen and tell me I'm awesome and buy me candy.. [mikevuona.bandcamp.com](http://mikevuona.bandcamp.com)     Lots of music on there but just recorded a jazz standards record and a christmas jazz record.,Reddit
90,"The Pace Report: ""On Being Connie Han"" The Connie Han Interview. Sorry, It sounds like the Interview component was recorded in Mono..",Reddit
91,What are your thoughts on Mulatu Astatke and Ethio Jazz?. I personally really dig his stuff and Ethio-jazz as a whole.,Reddit
92,"Boyfriend likes jazz. What’s the difference in these Japanese pressings of Miles Davis?. My boyfriend is a jazz enthusiast and he often mentioned how he’d love a Japanese vinyl pressing of Miles Davis. I’ve seen a few on sale, some more expensive than others. Can anyone explain what the difference is between these two vinyls as the covers seem *almost* the same ",Reddit
93,"Celebrating Rosa Parks today with Wadada Leo Smith. On this day, in 1955, Rosa Parks refused to give up her seat on an Alabama bus. In honor of it, give a listen today to Wadada Leo Smith's *Rosa Parks: Pure Love. An Oratorio of Seven Songs.* ",Reddit
94,Where in the USA is Carmen Sandiego? (1996) Music - A Way of Knowing. A great little jazz number. ,Reddit
95,Recommendations for jazz numbers/albums about our natural wonders. https://preview.redd.it/m0nblibw5m4g1.jpg?width=316&format=pjpg&auto=webp&s=09057550f0a1d21d07fa6c016843874e6e53bcd3  I came upon Wadada Leo Smith's America's National Parks and was curious what else was out there.,Reddit
96,"Guitar Recording of Vince Guaraldi's ""Skating"". ",Reddit
97,"Modulation in Tetradic Harmony and its Role in Jazz. After a quick exposition of Mazzola's quantum modulation model for the so-called triadic interpretation of the major scale within the equal temperament, we study the model for the tetradic interpretation of the same scale. It is known that tetrads are fundamental for jazz music, and some classical objects for this kind of music are recovered.",Reddit
98,"Community Structure in Jazz. Using a database of jazz recordings we study the collaboration network of jazz musicians. We define the network at two different levels. First we study the collaboration network between individuals, where two musicians are connected if they have played in the same band. Then we consider the collaboration between bands, where two bands are connected if they have a musician in common. The community structure analysis reveals that these constructions capture essential ingredients of the social interactions between jazz musicians. We observe correlations between recording locations, racial segregation and the community structure. A quantitative analysis of the community size distribution reveals a surprising similarity with an e-mail based social network recently studied.",Reddit
99,"Improving Automatic Jazz Melody Generation by Transfer Learning Techniques. In this paper, we tackle the problem of transfer learning for Jazz automatic generation. Jazz is one of representative types of music, but the lack of Jazz data in the MIDI format hinders the construction of a generative model for Jazz. Transfer learning is an approach aiming to solve the problem of data insufficiency, so as to transfer the common feature from one domain to another. In view of its success in other machine learning problems, we investigate whether, and how much, it can help improve automatic music generation for under-resourced musical genres. Specifically, we use a recurrent variational autoencoder as the generative model, and use a genre-unspecified dataset as the source dataset and a Jazz-only dataset as the target dataset. Two transfer learning methods are evaluated using six levels of source-to-target data ratios. The first method is to train the model on the source dataset, and then fine-tune the resulting model parameters on the target dataset. The second method is to train the model on both the source and target datasets at the same time, but add genre labels to the latent vectors and use a genre classifier to improve Jazz generation. The evaluation results show that the second method seems to perform better overall, but it cannot take full advantage of the genre-unspecified dataset.",Reddit
100,"FiloBass: A Dataset and Corpus Based Study of Jazz Basslines. We present FiloBass: a novel corpus of music scores and annotations which focuses on the important but often overlooked role of the double bass in jazz accompaniment. Inspired by recent work that sheds light on the role of the soloist, we offer a collection of 48 manually verified transcriptions of professional jazz bassists, comprising over 50,000 note events, which are based on the backing tracks used in the FiloSax dataset. For each recording we provide audio stems, scores, performance-aligned MIDI and associated metadata for beats, downbeats, chord symbols and markers for musical form.   We then use FiloBass to enrich our understanding of jazz bass lines, by conducting a corpus-based musical analysis with a contrastive study of existing instructional methods. Together with the original FiloSax dataset, our work represents a significant step toward a fully annotated performance dataset for a jazz quartet setting. By illuminating the critical role of the bass in jazz, this work contributes to a more nuanced and comprehensive understanding of the genre.",Arxiv
101,"JAZZVAR: A Dataset of Variations found within Solo Piano Performances of Jazz Standards for Music Overpainting. Jazz pianists often uniquely interpret jazz standards. Passages from these interpretations can be viewed as sections of variation. We manually extracted such variations from solo jazz piano performances. The JAZZVAR dataset is a collection of 502 pairs of Variation and Original MIDI segments. Each Variation in the dataset is accompanied by a corresponding Original segment containing the melody and chords from the original jazz standard. Our approach differs from many existing jazz datasets in the music information retrieval (MIR) community, which often focus on improvisation sections within jazz performances. In this paper, we outline the curation process for obtaining and sorting the repertoire, the pipeline for creating the Original and Variation pairs, and our analysis of the dataset. We also introduce a new generative music task, Music Overpainting, and present a baseline Transformer model trained on the JAZZVAR dataset for this task. Other potential applications of our dataset include expressive performance analysis and performer identification.",Arxiv
102,"Does it Swing? Microtiming Deviations and Swing Feeling in Jazz. Jazz music that swings has the fascinating power to elicit a pleasant sensation of flow in listeners and the desire to synchronize body movements with the music. Whether microtiming deviations (MTDs), i.e. small timing deviations below the bar or phrase level, enhance the feeling of swing is highly debated in the current literature. Studies on other groove related genres did not find evidence for a positive impact of MTDs. The present study addresses jazz music and swing in particular, as there is some evidence that microtiming patterns are genre-specific. We recorded twelve piano jazz standards played by a professional pianist and manipulated the natural MTDs of the recordings in systematic ways by quantizing, expanding and inverting them. MTDs were defined with respect to a grid determined by the average swing ratio. The original and manipulated versions were presented in an online survey and evaluated by 160 listeners with various musical skill levels and backgrounds. Across pieces the quantized versions (without MTDs) were rated slightly higher and versions with expanded MTDs were rated lower with regard to swing than the original recordings. Unexpectedly, inversion had no impact on swing ratings except for two pieces. Our results suggest that naturally fluctuating MTDs are not an essential factor for the feeling of swing.",Arxiv
103,"Optical Music Recognition of Jazz Lead Sheets. In this paper, we address the challenge of Optical Music Recognition (OMR) for handwritten jazz lead sheets, a widely used musical score type that encodes melody and chords. The task is challenging due to the presence of chords, a score component not handled by existing OMR systems, and the high variability and quality issues associated with handwritten images. Our contribution is two-fold. We present a novel dataset consisting of 293 handwritten jazz lead sheets of 163 unique pieces, amounting to 2021 total staves aligned with Humdrum **kern and MusicXML ground truth scores. We also supply synthetic score images generated from the ground truth. The second contribution is the development of an OMR model for jazz lead sheets. We discuss specific tokenisation choices related to our kind of data, and the advantages of using synthetic scores and pretrained models. We publicly release all code, data, and models.",Arxiv
104,"Correlated microtiming deviations in jazz and rock music. Musical rhythms performed by humans typically show temporal fluctuations. While they have been characterized in simple rhythmic tasks, it is an open question what is the nature of temporal fluctuations, when several musicians perform music jointly in all its natural complexity. To study such fluctuations in over 100 original jazz and rock/pop recordings played with and without metronome we developed a semi-automated workflow allowing the extraction of cymbal beat onsets with millisecond precision. Analyzing the inter-beat interval (IBI) time series revealed evidence for two long-range correlated processes characterized by power laws in the IBI power spectral densities. One process dominates on short timescales ($t < 8$ beats) and reflects microtiming variability in the generation of single beats. The other dominates on longer timescales and reflects slow tempo variations. Whereas the latter did not show differences between musical genres (jazz vs. rock/pop), the process on short timescales showed higher variability for jazz recordings, indicating that jazz makes stronger use of microtiming fluctuations within a measure than rock/pop. Our results elucidate principles of rhythmic performance and can inspire algorithms for artificial music generation. By studying microtiming fluctuations in original music recordings, we bridge the gap between minimalistic tapping paradigms and expressive rhythmic performances.",Arxiv
105,"Comparative Assessment of Markov Models and Recurrent Neural Networks for Jazz Music Generation. As generative models have risen in popularity, a domain that has risen alongside is generative models for music. Our study aims to compare the performance of a simple Markov chain model and a recurrent neural network (RNN) model, two popular models for sequence generating tasks, in jazz music improvisation. While music, especially jazz, remains subjective in telling whether a composition is ""good"" or ""bad"", we aim to quantify our results using metrics of groove pattern similarity and pitch class histogram entropy. We trained both models using transcriptions of jazz blues choruses from professional jazz players, and also fed musical jazz seeds to help give our model some context in beginning the generation. Our results show that the RNN outperforms the Markov model on both of our metrics, indicating better rhythmic consistency and tonal stability in the generated music. Through the use of music21 library, we tokenized our jazz dataset into pitches and durations that our model could interpret and train on. Our findings contribute to the growing field of AI-generated music, highlighting the important use of metrics to assess generation quality. Future work includes expanding the dataset of MIDI files to a larger scale, conducting human surveys for subjective evaluations, and incorporating additional metrics to address the challenge of subjectivity in music evaluation. Our study provides valuable insight into the use of recurrent neural networks for sequential based tasks like generating music.",Arxiv
106,"The Jazz Transformer on the Front Line: Exploring the Shortcomings of AI-composed Music through Quantitative Measures. This paper presents the Jazz Transformer, a generative model that utilizes a neural sequence model called the Transformer-XL for modeling lead sheets of Jazz music. Moreover, the model endeavors to incorporate structural events present in the Weimar Jazz Database (WJazzD) for inducing structures in the generated music. While we are able to reduce the training loss to a low value, our listening test suggests however a clear gap between the average ratings of the generated and real compositions. We therefore go one step further and conduct a series of computational analysis of the generated compositions from different perspectives. This includes analyzing the statistics of the pitch class, grooving, and chord progression, assessing the structureness of the music with the help of the fitness scape plot, and evaluating the model's understanding of Jazz music through a MIREX-like continuation prediction task. Our work presents in an analytical manner why machine-generated music to date still falls short of the artwork of humanity, and sets some goals for future work on automatic composition to further pursue.",Arxiv
107,"Forbidden triads and Creative Success in Jazz: The Miles Davis Factor. This article argues for the importance of forbidden triads - open triads with high-weight edges - in predicting success in creative fields. Forbidden triads had been treated as a residual category beyond closed and open triads, yet I argue that these structures provide opportunities to combine socially evolved styles in new ways. Using data on the entire history of recorded jazz from 1896 to 2010, I show that observed collaborations have tolerated the openness of high weight triads more than expected, observed jazz sessions had more forbidden triads than expected, and the density of forbidden triads contributed to the success of recording sessions, measured by the number of record releases of session material. The article also shows that the sessions of Miles Davis had received an especially high boost from forbidden triads.",Arxiv
108,"Reinforcement Learning Jazz Improvisation: When Music Meets Game Theory. Live performances of music are always charming, with the unpredictability of improvisation due to the dynamic between musicians and interactions with the audience. Jazz improvisation is a particularly noteworthy example for further investigation from a theoretical perspective. Here, we introduce a novel mathematical game theory model for jazz improvisation, providing a framework for studying music theory and improvisational methodologies. We use computational modeling, mainly reinforcement learning, to explore diverse stochastic improvisational strategies and their paired performance on improvisation. We find that the most effective strategy pair is a strategy that reacts to the most recent payoff (Stepwise Changes) with a reinforcement learning strategy limited to notes in the given chord (Chord-Following Reinforcement Learning). Conversely, a strategy that reacts to the partner's last note and attempts to harmonize with it (Harmony Prediction) strategy pair yields the lowest non-control payoff and highest standard deviation, indicating that picking notes based on immediate reactions to the partner player can yield inconsistent outcomes. On average, the Chord-Following Reinforcement Learning strategy demonstrates the highest mean payoff, while Harmony Prediction exhibits the lowest. Our work lays the foundation for promising applications beyond jazz: including the use of artificial intelligence (AI) models to extract data from audio clips to refine musical reward systems, and training machine learning (ML) models on existing jazz solos to further refine strategies within the game.",Arxiv
109,"Exploring Transformer-Based Music Overpainting for Jazz Piano Variations. This paper explores transformer-based models for music overpainting, focusing on jazz piano variations. Music overpainting generates new variations while preserving the melodic and harmonic structure of the input. Existing approaches are limited by small datasets, restricting scalability and diversity. We introduce VAR4000, a subset of a larger dataset for jazz piano performances, consisting of 4,352 training pairs. Using a semi-automatic pipeline, we evaluate two transformer configurations on VAR4000, comparing their performance with the smaller JAZZVAR dataset. Preliminary results show promising improvements in generalisation and performance with the larger dataset configuration, highlighting the potential of transformer models to scale effectively for music overpainting on larger and more diverse datasets.",Arxiv
110,"Lisp, Jazz, Aikido -- Three Expressions of a Single Essence. The relation between Science (what we can explain) and Art (what we can't) has long been acknowledged and while every science contains an artistic part, every art form also needs a bit of science. Among all scientific disciplines, programming holds a special place for two reasons. First, the artistic part is not only undeniable but also essential. Second, and much like in a purely artistic discipline, the act of programming is driven partly by the notion of aesthetics: the pleasure we have in creating beautiful things. Even though the importance of aesthetics in the act of programming is now unquestioned, more could still be written on the subject. The field called ""psychology of programming"" focuses on the cognitive aspects of the activity, with the goal of improving the productivity of programmers. While many scientists have emphasized their concern for aesthetics and the impact it has on their activity, few computer scientists have actually written about their thought process while programming. What makes us like or dislike such and such language or paradigm? Why do we shape our programs the way we do? By answering these questions from the angle of aesthetics, we may be able to shed some new light on the art of programming. Starting from the assumption that aesthetics is an inherently transversal dimension, it should be possible for every programmer to find the same aesthetic driving force in every creative activity they undertake, not just programming, and in doing so, get deeper insight on why and how they do things the way they do. On the other hand, because our aesthetic sensitivities are so personal, all we can really do is relate our own experiences and share it with others, in the hope that it will inspire them to do the same. My personal life has been revolving around three major creative activities, of equal importance: programming in Lisp, playing Jazz music, and practicing Aikido. But why so many of them, why so different ones, and why these specifically? By introspecting my personal aesthetic sensitivities, I eventually realized that my tastes in the scientific, artistic, and physical domains are all motivated by the same driving forces, hence unifying Lisp, Jazz, and Aikido as three expressions of a single essence, not so different after all. Lisp, Jazz, and Aikido are governed by a limited set of rules which remain simple and unobtrusive. Conforming to them is a pleasure. Because Lisp, Jazz, and Aikido are inherently introspective disciplines, they also invite you to transgress the rules in order to find your own. Breaking the rules is fun. Finally, if Lisp, Jazz, and Aikido unify so many paradigms, styles, or techniques, it is not by mere accumulation but because they live at the meta-level and let you reinvent them. Working at the meta-level is an enlightening experience. Understand your aesthetic sensitivities and you may gain considerable insight on your own psychology of programming. Mine is perhaps common to most lispers. Perhaps also common to other programming communities, but that, is for the reader to decide...",Arxiv
111,"Differences in Jazz Project Leaders' Competencies and Behaviors: A Preliminary Empirical Investigation. Studying the human factors that impact on software development, and assigning individuals with specific competencies and qualities to particular software roles, have been shown to aid software project performance. For instance, prior evidence suggests that extroverted software project leaders are most successful. Role assignment based on individuals' competencies and behaviors may be especially relevant in distributed software development contexts where teams are often affected by distance, cultural, and personality issues. Project leaders in these environments need to possess high levels of inter-personal, intra-personal and organizational competencies if they are to appropriately manage such issues and maintain positive project performance. With a view to understanding and explaining the specific competencies and behaviors that are required of project leaders in these settings, we used psycholinguistic and directed content analysis to study the way six successful IBM Rational Jazz leaders operated while coordinating their three distributed projects. Contrary to previous evidence reported in personality studies, our results did not reveal universal competencies and behaviors among these Jazz leaders. Instead, Jazz project leaders' competencies and behaviors varied with their project portfolio of tasks. Our findings suggest that a pragmatic approach that considers the nature of the software tasks being developed is likely to be a more effective strategy for assigning leaders to distributed software teams, as against a strategy that promotes a specific personality type. We discuss these findings and outline implications for distributed software project governance.",Arxiv
112,"Mining Software Metrics from Jazz. In this paper, we describe the extraction of source code metrics from the Jazz repository and the application of data mining techniques to identify the most useful of those metrics for predicting the success or failure of an attempt to construct a working instance of the software product. We present results from a systematic study using the J48 classification method. The results indicate that only a relatively small number of the available software metrics that we considered have any significance for predicting the outcome of a build. These significant metrics are discussed and implication of the results discussed, particularly the relative difficulty of being able to predict failed build attempts.",Arxiv
113,"Jazz Contrafact Detection. In jazz, a contrafact is a new melody composed over an existing, but often reharmonized chord progression. Because reharmonization can introduce a wide range of variations, detecting contrafacts is a challenging task. This paper develops a novel vector-space model to represent chord progressions, and uses it for contrafact detection. The process applies principles from music theory to reduce the dimensionality of chord space, determine a common key signature representation, and compute a chordal co-occurrence matrix. The rows of the matrix form a basis for the vector space in which chord progressions are represented as piecewise linear functions, and harmonic similarity is evaluated by computing the membrane area, a novel distance metric. To illustrate our method's effectiveness, we apply it to the Impro-Visor corpus of 2,612 chord progressions, and present examples demonstrating its ability to account for reharmonizations and find contrafacts.",Arxiv
114,"A Comparison of Random Forests and Ferns on Recognition of Instruments in Jazz Recordings. In this paper, we first apply random ferns for classification of real music recordings of a jazz band. No initial segmentation of audio data is assumed, i.e., no onset, offset, nor pitch data are needed. The notion of random ferns is described in the paper, to familiarize the reader with this classification algorithm, which was introduced quite recently and applied so far in image recognition tasks. The performance of random ferns is compared with random forests for the same data. The results of experiments are presented in the paper, and conclusions are drawn.",Arxiv
115,"What can developers' messages tell us? A psycholinguistic analysis of Jazz teams' attitudes and behavior patterns. Reports that communication and behavioral issues contribute to inadequately performing software teams have fuelled a wealth of research aimed at understanding the human processes employed during software development. The increasing level of interest in human issues is particularly relevant for agile and global software development approaches that emphasize the importance of people and their interactions during projects. While mature analysis techniques in behavioral psychology have been recommended for studying such issues, particularly when using archives and artifacts, these techniques have rarely been used in software engineering research. We utilize these techniques under an embedded case study approach to examine whether IBM Rational Jazz practitioners' behaviors change over project duration and whether certain tasks affect teams' attitudes and behaviors. We found highest levels of project engagement at project start and completion, as well as increasing levels of team collectiveness as projects progressed. Additionally, Jazz practitioners were most insightful and perceptive at the time of project scoping. Further, Jazz teams' attitudes and behaviors varied in line with the nature of the tasks they were performing. We explain these findings and discuss their implications for software project governance and tool design.",Arxiv
116,"Decision-Based Transcription of Jazz Guitar Solos Using a Harmonic Bident Analysis Filter Bank and Spectral Distribution Weighting. Jazz guitar solos are improvised melody lines played on one instrument on top of a chordal accompaniment (comping). As the improvisation happens spontaneously, a reference score is non-existent, only a lead sheet. There are situations, however, when one would like to have the original melody lines in the form of notated music, see the Real Book. The motivation is either for the purpose of practice and imitation or for musical analysis. In this work, an automatic transcriber for jazz guitar solos is developed. It resorts to a very intuitive representation of tonal music signals: the pitchgram. No instrument-specific modeling is involved, so the transcriber should be applicable to other pitched instruments as well. Neither is there the need to learn any note profiles prior to or during the transcription. Essentially, the proposed transcriber is a decision tree, thus a classifier, with a depth of 3. It has a (very) low computational complexity and can be run on-line. The decision rules can be refined or extended with no or little musical education. The transcriber's performance is evaluated on a set of ten jazz solo excerpts and compared with a state-of-the-art transcription system for the guitar plus PYIN. We achieve an improvement of 34% w.r.t. the reference system and 19% w.r.t. PYIN in terms of the F-measure. Another measure of accuracy, the error score, attests that the number of erroneous pitch detections is reduced by more than 50% w.r.t. the reference system and by 45% w.r.t. PYIN.",Arxiv
117,"Deconstructing Jazz Piano Style Using Machine Learning. Artistic style has been studied for centuries, and recent advances in machine learning create new possibilities for understanding it computationally. However, ensuring that machine-learning models produce insights aligned with the interests of practitioners and critics remains a significant challenge. Here, we focus on musical style, which benefits from a rich theoretical and mathematical analysis tradition. We train a variety of supervised-learning models to identify 20 iconic jazz musicians across a carefully curated dataset of 84 hours of recordings, and interpret their decision-making processes. Our models include a novel multi-input architecture that enables four musical domains (melody, harmony, rhythm, and dynamics) to be analysed separately. These models enable us to address fundamental questions in music theory and also advance the state-of-the-art in music performer identification (94% accuracy across 20 classes). We release open-source implementations of our models and an accompanying web application for exploring musical styles.",Arxiv
118,"The True Role of Active Communicators: An Empirical Study of Jazz Core Developers. Context: Interest in software engineering (SE) methodologies and tools has been complemented in recent years by research efforts oriented towards understanding the human processes involved in software development. This shift has been imperative given reports of inadequately performing teams and the consequent growing emphasis on individuals and team relations in contemporary SE methods. Objective: While software repositories have frequently been studied with a view to explaining such human processes, research has tended to use primarily quantitative analysis approaches. There is concern, however, that such approaches can provide only a partial picture of the software process. Given the way human behavior is nuanced within psychological and social contexts, it has been asserted that a full understanding may only be achieved through deeper contextual enquiries. Method: We have followed such an approach and have applied data mining, SNA, psycholinguistic analysis and directed content analysis (CA) to study the way core developers at IBM Rational Jazz contribute their social and intellectual capital, and have compared the attitudes, interactions and activities of these members to those of their less active counterparts. Results: Among our results, we uncovered that Jazz's core developers worked across multiple roles, and were crucial to their teams' organizational, intra-personal and inter-personal processes. Additionally, although these individuals were highly task- and achievement-focused, they were also largely responsible for maintaining positive team atmosphere, and for providing context awareness in support of their colleagues. Conclusion: Our results suggest that high-performing distributed agile teams rely on both individual and collective efforts, as well as organizational environments that promote informal and organic work structures.(Abridged)",Arxiv
119,"What Affects Team Behavior? Preliminary Linguistic Analysis of Communications in the Jazz Repository. There is a growing belief that understanding and addressing the human processes employed during software development is likely to provide substantially more value to industry than yet more recommendations for the implementation of various methods and tools. To this end, considerable research effort has been dedicated to studying human issues as represented in software artifacts, due to its relatively unobtrusive nature. We have followed this line of research and have conducted a preliminary study of team behaviors using data mining techniques and linguistic analysis. Our data source, the IBM Rational Jazz repository, was mined and data from three different project areas were extracted. Communications in these projects were then analyzed using the LIWC linguistic analysis tool. We found that although there are some variations in language use among teams working on project areas dedicated to different software outcomes, project type and the mix of (and number of) individuals involved did not affect team behaviors as evident in their communications. These assessments are initial conjectures, however; we plan further exploratory analysis to validate these results. We explain these findings and discuss their implications for software engineering practice.",Arxiv
120,"Bootstrapping Mirror Pairs: The Beginning of the End. Three-dimensional supersymmetric gauge theories with eight supercharges possess a unique duality known as 3d mirror symmetry. Under this correspondence, the Coulomb branch of one theory is equivalent to the Higgs branch of its mirror dual, and vice versa. Over the past decades, extensive effort has been devoted to charting the landscape of 3d mirror pairs, though progress has often been constrained by the need to identify suitable brane configurations. In this first instalment, we introduce a new quiver-based algorithm, termed Growth and Fusion, which completes a quartet of Higgsing algorithms alongside Decay and Fission, Quiver Subtraction, and Quiver Addition. Together, these four algorithms provide a systematic framework that circumvents the limitations of brane constructions, enabling us to determine the mirror dual of a given quiver and to systematically bootstrap new 3d mirror pairs. We demonstrate the power of this approach on a new class of circular 3d mirror pairs.",Arxiv
121,"Exploring the links between software development task type, team attitudes and task completion performance: Insights from the Jazz repository. Context: In seeking to better understand the impact of various human factors in software development, and how teams' attitudes relate to their performance, increasing attention is being given to the study of team-related artefacts. In particular, researchers have conducted numerous studies on a range of team communication channels to explore links between developers' language use and the incidence of software bugs in the products they delivered. Comparatively limited attention has been paid, however, to the full range of software tasks that are commonly performed during the development and delivery of software systems, in spite of compelling evidence pointing to the need to understand teams' attitudes more widely. Objective: We were therefore motivated to study the relationships between task type and team attitudes, and how attitudes expressed in teams' communications might be related to their task completion performance when undertaking a range of activities. Method: Our investigation involved artefacts from 474 IBM Jazz practitioners assembled in 149 teams working on around 30,000 software development tasks over a three-year period. We applied linguistic analysis, standard statistical techniques and directed content analysis to address our research objective. Results: Our evidence revealed that teams expressed different attitudes when working on various forms of software tasks, and they were particularly emotional when working to remedy defects. That said, teams' expression of attitudes was not found to be a strong predictor of their task completion performance. Conclusion: Efforts aimed at reducing bug incidence may positively limit teams' emotional disposition when resolving bugs, thereby reducing the otherwise high demand for emotionally stable members. (Abridged)",Arxiv
122,"Ultrametric Smale's $α$-theory. We present a version of Smale's $α$-theory for ultrametric fields, such as the $p$-adics and their extensions, which gives us a multivariate version of Hensel's lemma.",Arxiv
123,"Designing AI-Enabled Countermeasures to Cognitive Warfare. Foreign information operations on social media platforms pose significant risks to democratic societies. With the rise of Artificial Intelligence (AI), this threat is likely to intensify, potentially overwhelming human defenders. To achieve the necessary scale and tempo to defend against these threats, utilizing AI as part of the solution seems inevitable. Although there has been a significant debate on AI in Lethal Autonomous Weapon Systems (LAWS), it is equally likely that AI will be widely used in information operations for defensive and offensive objectives. Similar to LAWS, AI-driven information operations occupy a highly sensitive moral domain where removing human involvement in the tactical decision making process raises ethical concerns. Although AI has yet to revolutionize the field, a solid ethical stance is urgently needed on how AI can be responsibly used to defend against information operations on social media platforms. This paper proposes possible AI-enabled countermeasures against cognitive warfare and argues how they can be developed in a responsible way, such that meaningful human control is preserved.",Arxiv
124,"Tune It Up: Music Genre Transfer and Prediction. Deep generative models have been used in style transfer tasks for images. In this study, we adapt and improve CycleGAN model to perform music style transfer on Jazz and Classic genres. By doing so, we aim to easily generate new songs, cover music to different music genres and reduce the arrangements needed in those processes. We train and use music genre classifier to assess the performance of the transfer models. To that end, we obtain 87.7% accuracy with Multi-layer Perceptron algorithm. To improve our style transfer baseline, we add auxiliary discriminators and triplet loss to our model. According to our experiments, we obtain the best accuracies as 69.4% in Jazz to Classic task and 39.3% in Classic to Jazz task with our developed genre classifier. We also run a subjective experiment and results of it show that the overall performance of our transfer model is good and it manages to conserve melody of inputs on the transferred outputs. Our code is available at https://github.com/ fidansamet/tune-it-up",Arxiv
125,"Reconstructing the Charlie Parker Omnibook using an audio-to-score automatic transcription pipeline. The Charlie Parker Omnibook is a cornerstone of jazz music education, described by pianist Ethan Iverson as ""the most important jazz education text ever published"". In this work we propose a new transcription pipeline and explore the extent to which state of the art music technology is able to reconstruct these scores directly from the audio without human intervention. Our pipeline includes: a newly trained source separation model for saxophone, a new MIDI transcription model for solo saxophone and an adaptation of an existing MIDI-to-score method for monophonic instruments.   To assess this pipeline we also provide an enhanced dataset of Charlie Parker transcriptions as score-audio pairs with accurate MIDI alignments and downbeat annotations. This represents a challenging new benchmark for automatic audio-to-score transcription that we hope will advance research into areas beyond transcribing audio-to-MIDI alone.   Together, these form another step towards producing scores that musicians can use directly, without the need for onerous corrections or revisions. To facilitate future research, all model checkpoints and data are made available to download along with code for the transcription pipeline. Improvements in our modular pipeline could one day make the automatic transcription of complex jazz solos a routine possibility, thereby enriching the resources available for music education and preservation.",Arxiv
126,"Maximum entropy models for generation of expressive music. In the context of contemporary monophonic music, expression can be seen as the difference between a musical performance and its symbolic representation, i.e. a musical score. In this paper, we show how Maximum Entropy (MaxEnt) models can be used to generate musical expression in order to mimic a human performance. As a training corpus, we had a professional pianist play about 150 melodies of jazz, pop, and latin jazz. The results show a good predictive power, validating the choice of our model. Additionally, we set up a listening test whose results reveal that on average, people significantly prefer the melodies generated by the MaxEnt model than the ones without any expression, or with fully random expression. Furthermore, in some cases, MaxEnt melodies are almost as popular as the human performed ones.",Arxiv
127,"Computational approach to multifractal music. In this work we perform a fractal analysis of 160 pieces of music belonging to six different genres. We show that the majority of the pieces reveal characteristics that allow us to classify them as physical processes called the 1/f (pink) noise. However, this is not true for classical music represented here by Frederic Chopin's works and for some jazz pieces that are much more correlated than the pink noise. We also perform a multifractal (MFDFA) analysis of these music pieces. We show that all the pieces reveal multifractal properties. The richest multifractal structures are observed for pop and rock music. Also the viariably of multifractal features is best visible for popular music genres. This can suggest that, from the multifractal perspective, classical and jazz music is much more uniform than pieces of the most popular genres of music.",Arxiv
128,"Decoding Musical Evolution Through Network Science. Music has always been central to human culture, reflecting and shaping traditions, emotions, and societal changes. Technological advancements have transformed how music is created and consumed, influencing tastes and the music itself. In this study, we use Network Science to analyze musical complexity. Drawing on $\approx20,000$ MIDI files across six macro-genres spanning nearly four centuries, we represent each composition as a weighted directed network to study its structural properties. Our results show that Classical and Jazz compositions have higher complexity and melodic diversity than recently developed genres. However, a temporal analysis reveals a trend toward simplification, with even Classical and Jazz nearing the complexity levels of modern genres. This study highlights how digital tools and streaming platforms shape musical evolution, fostering new genres while driving homogenization and simplicity.",Arxiv
129,"How do Globally Distributed Agile Teams Self-organise? Initial Insights from a Case Study. Agile software developers are required to self-organize, occupying various informal roles as needed in order to successfully deliver software features. However, previous research has reported conflicting evidence about the way teams actually undertake this activity. The ability to self-organize is particularly necessary for software development in globally distributed environments, where distance has been shown to exacerbate human-centric issues. Understanding the way successful teams self-organise should inform distributed team composition strategies and software project governance. We have used psycholinguistics to study the way IBM Rational Jazz practitioners enacted various roles, expressed attitudes and shared competencies to successfully self-organize in their global projects. Among our findings, we uncovered that practitioners enacted various roles depending on their teams' cohort of features; and that team leaders were most critical to IBM Jazz teams' self-organisation. We discuss these findings and highlight their implications for software project governance.",Arxiv
130,"Graphene, Nobel Prize and All that Jazz. Graphene, a single atomic layer of graphite, first isolated in 2004, has made a quantum leap in the exploration of the physics of two-dimensional electron systems. Since the initial report of its discovery, many thousands of papers have been published, attempting to explain every aspect of the exotic electronic properties of this system. The graphene euphoria has culminated with the 2010 Nobel Prize in physics being awarded jointly to Andre Geim and Konstantin Novoselov of the University of Manchester, UK, ""for groundbreaking experiments regarding the two-dimensional material graphene"". But, what are the properties of graphene, and how was it made? Why it is so exciting for so many researchers, and why the Nobel Prize?",Arxiv
131,"Multi-label Ferns for Efficient Recognition of Musical Instruments in Recordings. In this paper we introduce multi-label ferns, and apply this technique for automatic classification of musical instruments in audio recordings. We compare the performance of our proposed method to a set of binary random ferns, using jazz recordings as input data. Our main result is obtaining much faster classification and higher F-score. We also achieve substantial reduction of the model size.",Arxiv
132,"Compressible Strips, Chiral Luttinger Liquids and All That Jazz. When the quantum Hall effect occurs in a two-dimensional electron gas, all low-energy elementary excitations are localized near the system edge. The edge acts in many ways like a one-dimensional ring of electrons, except that a finite current flows around the ring in equilibrium. This article is a brief and informal review of some of the physics of quantum Hall system edges. We discuss the implications of macroscopic {\em compressible strip} models for microscopic {chiral Luttinger liquid} models and make an important distinction between the origin of non-Fermi-liquid behavior in fractional quantum Hall edges and in usual one-dimensional electron gas systems.",Arxiv
133,"Shaping the Epochal Individuality and Generality: The Temporal Dynamics of Uncertainty and Prediction Error in Musical Improvisation. Musical improvisation, much like spontaneous speech, reveals intricate facets of the improviser's state of mind and emotional character. However, the specific musical components that reveal such individuality remain largely unexplored. Within the framework of brain's statistical learning and predictive processing, this study examined the temporal dynamics of uncertainty and surprise (prediction error) in a piece of musical improvisation. This study employed the HBSL model to analyze a corpus of 456 Jazz improvisations, spanning 1905 to 2009, from 78 distinct Jazz musicians. The results indicated distinctive temporal patterns of surprise and uncertainty, especially in pitch and pitch-rhythm sequences, revealing era-specific features from the early 20th to the 21st centuries. Conversely, rhythm sequences exhibited a consistent degree of uncertainty across eras. Further, the acoustic properties remain unchanged across different periods. These findings highlight the importance of how temporal dynamics of surprise and uncertainty in improvisational music change over periods, profoundly influencing the distinctive methodologies artists adopt for improvisation in each era. Further, it is suggested that the development of improvisational music can be attributed to the brain's adaptive statistical learning mechanisms, which constantly refine internal models to mirror the cultural and emotional nuances of their respective epochs. This study unravels the evolutionary trajectory of improvisational music and highlights the nuanced shifts artists employ to resonate with the cultural and emotional landscapes of their times.",Arxiv
134,"Contextual Linear Types for Differential Privacy. Language support for differentially-private programming is both crucial and delicate. While elaborate program logics can be very expressive, type-system based approaches using linear types tend to be more lightweight and amenable to automatic checking and inference, and in particular in the presence of higher-order programming. Since the seminal design of Fuzz, which is restricted to $ε$-differential privacy in its original design, significant progress has been made to support more advancedvariants of differential privacy, like($ε$,$δ$)-differential privacy. However, supporting these advanced privacy variants while also supporting higher-order programming in full has proven to be challenging. We present Jazz, a language and type system which uses linear types and latent contextual effects to support both advanced variants of differential privacy and higher-order programming. Latent contextual effects allow delaying the payment of effects for connectives such as products, sums and functions, yielding advantages in terms of precision of the analysis and annotation burden upon elimination, as well as modularity. We formalize the core of Jazz, prove it sound for privacy via a logical relation for metric preservation, and illustrate its expressive power through a number of case studies drawn from the recent differential privacy literature.",Arxiv
135,"SOI RF Switch for Wireless Sensor Network. The objective of this research was to design a 0-5 GHz RF SOI switch, with 0.18um power Jazz SOI technology by using Cadence software, for health care applications. This paper introduces the design of a RF switch implemented in shunt-series topology. An insertion loss of 0.906 dB and an isolation of 30.95 dB were obtained at 5 GHz. The switch also achieved a third order distortion of 53.05 dBm and 1 dB compression point reached 50.06dBm. The RF switch performance meets the desired specification requirements.",Arxiv
136,"Multifractal Spin-Glass Chaos Projection and Interrelation of Multicultural Music and Brain Signals. A complexity classification scheme is developed from the fractal spectra of spin-glass chaos and demonstrated with multigeographic multicultural music and brain electroencephalogram signals. Systematic patterns are found to emerge. Chaos under scale change is the essence of spin-glass ordering and can be obtained, continuously tailor-made, from the exact renormalization-group solution of Ising models on frustrated hierarchical lattices. The music pieces are from Turkish music, namely Arabesque, Rap, Pop, Classical, and Western music, namely Blues, Jazz, Pop, Classical. A surprising group defection occurs.",Arxiv
137,"Orchestration of Music by Grammar Systems. This application-oriented study concerns computational musicology, which makes use of grammar systems. We define multi-generative rule-synchronized scattered-context grammar systems (without erasing rules) and demonstrates how to simultaneously make the arrangement of a musical composition for performance by a whole orchestra, consisting of several instruments. Primarily, an orchestration like this is illustrated by examples in terms of classical music. In addition, the orchestration of jazz compositions is sketched as well. The study concludes its discussion by suggesting five open problem areas related to this way of orchestration.",Arxiv
138,"Mining developer communication data streams. This paper explores the concepts of modelling a software development project as a process that results in the creation of a continuous stream of data. In terms of the Jazz repository used in this research, one aspect of that stream of data would be developer communication. Such data can be used to create an evolving social network characterized by a range of metrics. This paper presents the application of data stream mining techniques to identify the most useful metrics for predicting build outcomes. Results are presented from applying the Hoeffding Tree classification method used in conjunction with the Adaptive Sliding Window (ADWIN) method for detecting concept drift. The results indicate that only a small number of the available metrics considered have any significance for predicting the outcome of a build.",Arxiv
139,"Wykorzystanie sztucznej inteligencji do generowania treści muzycznych. This thesis is presenting a method for generating short musical phrases using a deep convolutional generative adversarial network (DCGAN). To train neural network were used datasets of classical and jazz music MIDI recordings. Our approach introduces translating the MIDI data into graphical images in a piano roll format suitable for the network input size, using the RGB channels as additional information carriers for improved performance. The network has learned to generate images that are indistinguishable from the input data and, when translated back to MIDI and played back, include several musically interesting rhythmic and harmonic structures. The results of the conducted experiments are described and discussed, with conclusions for further work and a short comparison with selected existing solutions.",Arxiv
140,"ImprovNet -- Generating Controllable Musical Improvisations with Iterative Corruption Refinement. Despite deep learning's remarkable advances in style transfer across various domains, generating controllable performance-level musical style transfer for complete symbolically represented musical works remains a challenging area of research. Much of this is owed to limited datasets, especially for genres such as jazz, and the lack of unified models that can handle multiple music generation tasks. This paper presents ImprovNet, a transformer-based architecture that generates expressive and controllable musical improvisations through a self-supervised corruption-refinement training strategy. The improvisational style transfer is aimed at making meaningful modifications to one or more musical elements - melody, harmony or rhythm of the original composition with respect to the target genre. ImprovNet unifies multiple capabilities within a single model: it can perform cross-genre and intra-genre improvisations, harmonize melodies with genre-specific styles, and execute short prompt continuation and infilling tasks. The model's iterative generation framework allows users to control the degree of style transfer and structural similarity to the original composition. Objective and subjective evaluations demonstrate ImprovNet's effectiveness in generating musically coherent improvisations while maintaining structural relationships with the original pieces. The model outperforms Anticipatory Music Transformer in short continuation and infilling tasks and successfully achieves recognizable genre conversion, with 79\% of participants correctly identifying jazz-style improvisations of classical pieces. Our code and demo page can be found at https://github.com/keshavbhandari/improvnet.",Arxiv
141,"Attentional networks for music generation. Realistic music generation has always remained as a challenging problem as it may lack structure or rationality. In this work, we propose a deep learning based music generation method in order to produce old style music particularly JAZZ with rehashed melodic structures utilizing a Bi-directional Long Short Term Memory (Bi-LSTM) Neural Network with Attention. Owing to the success in modelling long-term temporal dependencies in sequential data and its success in case of videos, Bi-LSTMs with attention serve as the natural choice and early utilization in music generation. We validate in our experiments that Bi-LSTMs with attention are able to preserve the richness and technical nuances of the music performed.",Arxiv
142,"Social network from communities of electronic mail. Social networks are analyzed as graphs under the scope of discrete mathematics which have a great range of applications in different contexts such as: technology, social phenomena and biological systems. At the present this theory gives a set of tools for a phenomenological analysis that would be difficult or almost impossible with a different approach. In this work social networks for different technical communities from electronic mail and ``News'' in Spanish language are constructed. The algorithm was based on the use of RFC2822 standards and RFC1036 to arm threads of messages. The results are quite different from that obtained by another kind of community as the jazz musicians community. Nevertheless they show an analogy to random graphs obtained by the ``Configuration Model'' method. This points the attention that some generalization assumptions are not correct.",Arxiv
143,"An Exploratory Study of Multimodal Physiological Data in Jazz Improvisation Using Basic Machine Learning Techniques. Our study delves into the ""Embodied Musicking Dataset,"" exploring the intertwined relationships and correlations between physiological and psychological dimensions during improvisational music performances. The primary objective is to ascertain the presence of a definitive causal or correlational relationship between these states and comprehend their manifestation in musical compositions. This rich dataset provides a perspective on how musicians coordinate their physicality with sonic events in real-time improvisational scenarios, emphasizing the concept of ""Embodied Musicking.""",Arxiv
144,"Music Genre Bars. Music Genres, as a popular meta-data of music, are very useful to organize, explore or search music datasets. Soft music genres are weighted multiple-genre annotations to songs. In this initial work, we propose horizontally stacked bar charts to represent a music dataset annotated by these soft music genres. For this purpose, we take an example of a toy dataset consisting of songs labelled with help of three music genres; Blues, Jazz and Country. We demonstrate how such a stacked bar chart can be used as a slider for user-input in an interface. We implement this by embedding this genre bar in a streaming application prototype and show its utility in choosing playlists. We finally conclude by proposing further work and future explorations on our proposed preliminary research.",Arxiv
145,"Low Power SI Class E Power Amplifier and RF Switch For Health Care. This research was to design a 2.4 GHz class E Power Amplifier (PA) for health care, with 0.18um Semiconductor Manufacturing International Corporation CMOS technology by using Cadence software. And also RF switch was designed at cadence software with power Jazz 180nm SOI process. The ultimate goal for such application is to reach high performance and low cost, and between high performance and low power consumption design. This paper introduces the design of a 2.4GHz class E power amplifier and RF switch design. PA consists of cascade stage with negative capacitance. This power amplifier can transmit 16dBm output power to a 50Ω load. The performance of the power amplifier and switch meet the specification requirements of the desired.",Arxiv
146,"A Graph Engine for Guitar Chord-Tone Soloing Education. We present a graph-based engine for computing chord tone soloing suggestions for guitar students. Chord tone soloing is a fundamental practice for improvising over a chord progression, where the instrumentalist uses only the notes contained in the current chord. This practice is a building block for all advanced jazz guitar theory but is difficult to learn and practice. First, we discuss methods for generating chord-tone arpeggios. Next, we construct a weighted graph where each node represents a chord tone arpeggio for a chord in the progression. Then, we calculate the edge weight between each consecutive chord's nodes in terms of optimal transition tones. We then find the shortest path through this graph and reconstruct a chord-tone soloing line. Finally, we discuss a user-friendly system to handle input and output to this engine for guitar students to practice chord tone soloing.",Arxiv
147,"Predicting Music Hierarchies with a Graph-Based Neural Decoder. This paper describes a data-driven framework to parse musical sequences into dependency trees, which are hierarchical structures used in music cognition research and music analysis. The parsing involves two steps. First, the input sequence is passed through a transformer encoder to enrich it with contextual information. Then, a classifier filters the graph of all possible dependency arcs to produce the dependency tree. One major benefit of this system is that it can be easily integrated into modern deep-learning pipelines. Moreover, since it does not rely on any particular symbolic grammar, it can consider multiple musical features simultaneously, make use of sequential context information, and produce partial results for noisy inputs. We test our approach on two datasets of musical trees -- time-span trees of monophonic note sequences and harmonic trees of jazz chord sequences -- and show that our approach outperforms previous methods.",Arxiv
148,"MIDI-VAE: Modeling Dynamics and Instrumentation of Music with Applications to Style Transfer. We introduce MIDI-VAE, a neural network model based on Variational Autoencoders that is capable of handling polyphonic music with multiple instrument tracks, as well as modeling the dynamics of music by incorporating note durations and velocities. We show that MIDI-VAE can perform style transfer on symbolic music by automatically changing pitches, dynamics and instruments of a music piece from, e.g., a Classical to a Jazz style. We evaluate the efficacy of the style transfer by training separate style validation classifiers. Our model can also interpolate between short pieces of music, produce medleys and create mixtures of entire songs. The interpolations smoothly change pitches, dynamics and instrumentation to create a harmonic bridge between two music pieces. To the best of our knowledge, this work represents the first successful attempt at applying neural style transfer to complete musical compositions.",Arxiv
149,"jazznet: A Dataset of Fundamental Piano Patterns for Music Audio Machine Learning Research. This paper introduces the jazznet Dataset, a dataset of fundamental jazz piano music patterns for developing machine learning (ML) algorithms in music information retrieval (MIR). The dataset contains 162520 labeled piano patterns, including chords, arpeggios, scales, and chord progressions with their inversions, resulting in more than 26k hours of audio and a total size of 95GB. The paper explains the dataset's composition, creation, and generation, and presents an open-source Pattern Generator using a method called Distance-Based Pattern Structures (DBPS), which allows researchers to easily generate new piano patterns simply by defining the distances between pitches within the musical patterns. We demonstrate that the dataset can help researchers benchmark new models for challenging MIR tasks, using a convolutional recurrent neural network (CRNN) and a deep convolutional neural network. The dataset and code are available via: https://github.com/tosiron/jazznet.",Arxiv
150,"An energy-based generative sequence model for testing sensory theories of Western harmony. The relationship between sensory consonance and Western harmony is an important topic in music theory and psychology. We introduce new methods for analysing this relationship, and apply them to large corpora representing three prominent genres of Western music: classical, popular, and jazz music. These methods centre on a generative sequence model with an exponential-family energy-based form that predicts chord sequences from continuous features. We use this model to investigate one aspect of instantaneous consonance (harmonicity) and two aspects of sequential consonance (spectral distance and voice-leading distance). Applied to our three musical genres, the results generally support the relationship between sensory consonance and harmony, but lead us to question the high importance attributed to spectral distance in the psychological literature. We anticipate that our methods will provide a useful platform for future work linking music psychology to music theory.",Arxiv
151,"CMOS pixel sensors optimized for large ionizing dynamic. Monolithic active pixel sensors (MAPS) are now well established as a technology for tracking charged particles, especially when low material budget is desirable. For such applications, sensors focus on spatial resolution and pixels with digital output or modest charge measurement ability are well suited. Within the European Union STRONG-2020 project, which focuses on experiments using hadrons, the TIIMM (Tracking and Ions Identifications with Minimal Material budget) joint research activity intends to expand granular MAPS capacity to energy-loss (ΔE) measurement for ion species identification. The TIIMM prototypes are developed in the Tower Jazz 180 nm CMOS image sensor (CIS) process. The Time-Over-Threshold (ToT) method is applied to the sensor for the energy-loss measurement. The main design details and the preliminary test results from laboratory measurements of the initial TIIMM prototype are presented in this work.",Arxiv
152,"A2D: Anywhere Anytime Drumming. The drum kit, which has only been around for around 100 years, is a popular instrument in many music genres such as pop, rock, and jazz. However, the road to owning a kit is expensive, both financially and space-wise. Also, drums are more difficult to move around compared to other instruments, as they do not fit into a single bag. We propose a no-drums approach that uses only two sticks and a smartphone or a webcam to provide an air-drumming experience. The detection algorithm combines deep learning tools with tracking methods for an enhanced user experience. Based on both quantitative and qualitative testing with humans-in-the-loop, we show that our system has zero misses for beginner level play and negligible misses for advanced level play. Additionally, our limited human trials suggest potential directions for future research.",Arxiv
153,"You Are What You Eat... Listen to, Watch, and Read. This article describes a data driven method for deriving the relationship between personality and media preferences. A qunatifiable representation of such a relationship can be leveraged for use in recommendation systems and ameliorate the ""cold start"" problem. Here, the data is comprised of an original collection of 1,316 Okcupid dating profiles. Of these profiles, 800 are labeled with one of 16 possible Myers-Briggs Type Indicators (MBTI). A personality specific topic model describing a person's favorite books, movies, shows, music, and food was generated using latent Dirichlet allocation (LDA). There were several significant findings, for example, intuitive thinking types preferred sci-fi/fantasy entertainment, extraversion correlated positively with upbeat dance music, and jazz, folk, and international cuisine correlated positively with those characterized by openness to experience. Many other correlations confirmed previous findings describing the relationship among personality, writing style, and personal preferences. (For complete word/personality type assocations see the Appendix).",Arxiv
154,"Scorpiano -- A System for Automatic Music Transcription for Monophonic Piano Music. Music transcription is the process of transcribing music audio into music notation. It is a field in which the machines still cannot beat human performance. The main motivation for automatic music transcription is to make it possible for anyone playing a musical instrument, to be able to generate the music notes for a piece of music quickly and accurately. It does not matter if the person is a beginner and simply struggles to find the music score by searching, or an expert who heard a live jazz improvisation and would like to reproduce it without losing time doing manual transcription. We propose Scorpiano -- a system that can automatically generate a music score for simple monophonic piano melody tracks using digital signal processing. The system integrates multiple digital audio processing methods: notes onset detection, tempo estimation, beat detection, pitch detection and finally generation of the music score. The system has proven to give good results for simple piano melodies, comparable to commercially available neural network based systems.",Arxiv
155,"Different amplitude and time distribution of the sound of light and classical music. Several pieces of different musical kinds were studied measuring $N(A)$, the output amplitude of a peak detector driven by the electric signal arriving to the loudspeaker. Fixed a suitable threshold $\bar{A}$, we considered $N(A)$, the number of times that $A(t)>\bar{A}$, each of them we named event and $N(t)$, the distribution of times $t$ between two consecutive events. Some $N(A)$ and $N(t)$ distributions are displayed in the reported logarithmic plots, showing that jazz, pop, rock and other popular rhythms have noise-distribution, while classical pieces of music are characterized by more complex statistics. We pointed out the extraordinary case of the aria ``\textit{La calunnia è un venticello}'', where the words describe an avalanche or seismic process, calumny, and the rossinian music shows $N(A)$ and $N(t)$ distribution typical of earthquakes.",Arxiv
156,"JaCappella Corpus: A Japanese a Cappella Vocal Ensemble Corpus. We construct a corpus of Japanese a cappella vocal ensembles (jaCappella corpus) for vocal ensemble separation and synthesis. It consists of 35 copyright-cleared vocal ensemble songs and their audio recordings of individual voice parts. These songs were arranged from out-of-copyright Japanese children's songs and have six voice parts (lead vocal, soprano, alto, tenor, bass, and vocal percussion). They are divided into seven subsets, each of which features typical characteristics of a music genre such as jazz and enka. The variety in genre and voice part match vocal ensembles recently widespread in social media services such as YouTube, although the main targets of conventional vocal ensemble datasets are choral singing made up of soprano, alto, tenor, and bass. Experimental evaluation demonstrates that our corpus is a challenging resource for vocal ensemble separation. Our corpus is available on our project page (https://tomohikonakamura.github.io/jaCappella_corpus/).",Arxiv
157,"Audio Processing using Pattern Recognition for Music Genre Classification. This project explores the application of machine learning techniques for music genre classification using the GTZAN dataset, which contains 100 audio files per genre. Motivated by the growing demand for personalized music recommendations, we focused on classifying five genres-Blues, Classical, Jazz, Hip Hop, and Country-using a variety of algorithms including Logistic Regression, K-Nearest Neighbors (KNN), Random Forest, and Artificial Neural Networks (ANN) implemented via Keras. The ANN model demonstrated the best performance, achieving a validation accuracy of 92.44%. We also analyzed key audio features such as spectral roll-off, spectral centroid, and MFCCs, which helped enhance the model's accuracy. Future work will expand the model to cover all ten genres, investigate advanced methods like Long Short-Term Memory (LSTM) networks and ensemble approaches, and develop a web application for real-time genre classification and playlist generation. This research aims to contribute to improving music recommendation systems and content curation.",Arxiv
158,"Eclipse-IT 2013: Proceedings of VIII Workshop of the Italian Eclipse Community. This volume contains the extended abstracts of the contributions presented at EclipseIT 2013, the 8th workshop of the Italian Eclipse Community, hosted by the Computer Science Department of the University of Milan (Crema Campus) on September 19-20, 2013. Although Eclipse was initially designed as an integrated development environment (IDE) for object-oriented application development, today it represents an open development platform comprised of extensible frameworks, tools and runtimes for building, deploying and managing software. Around Eclipse, an international live community continuously works on improving the framework and on promoting the use of Eclipse. That happens also in Italy. This workshop is, indeed, the eighth yearly meeting of the Italian Eclipse Community which includes universities, public institutions and industries, researchers and practitioners, students and professionals, all joined by the interest in experimenting, extending, and supporting the Eclipse platform. The special topic of this edition is the Software cooperative development for mobile applications. Two tutorials are offered on this theme: (1) Sviluppo di applicazioni enterprise per il mobile con IBM Jazz, Eclipse e Worklight by Ferdinando Gorga from IBM, and (2) Uso di Eclipse per lo sviluppo cooperativo del software, by Paolo Maresca of the University of Naples, Federico II.",Arxiv
159,"Robot Drummer: Learning Rhythmic Skills for Humanoid Drumming. Humanoid robots have seen remarkable advances in dexterity, balance, and locomotion, yet their role in expressive domains such as music performance remains largely unexplored. Musical tasks, like drumming, present unique challenges, including split-second timing, rapid contacts, and multi-limb coordination over performances lasting minutes. In this paper, we introduce Robot Drummer, a humanoid capable of expressive, high-precision drumming across a diverse repertoire of songs. We formulate humanoid drumming as sequential fulfillment of timed contacts and transform drum scores into a Rhythmic Contact Chain. To handle the long-horizon nature of musical performance, we decompose each piece into fixed-length segments and train a single policy across all segments in parallel using reinforcement learning. Through extensive experiments on over thirty popular rock, metal, and jazz tracks, our results demonstrate that Robot Drummer consistently achieves high F1 scores. The learned behaviors exhibit emergent human-like drumming strategies, such as cross-arm strikes, and adaptive stick assignments, demonstrating the potential of reinforcement learning to bring humanoid robots into the domain of creative musical performance. Project page: robotdrummer.github.io",Arxiv
160,"Transformations of Triads and Seventh Chords: Group Extensions and Duality. Transformational music theory, pioneered by David Lewin, uses simply transitive group actions to analyze music. In this paper, we construct a simply transitive group action on a disjoint union of two sets, built from a simply transitive action on each set and an equivariant bijection connecting them. Motivational examples are the omnibus progression and the reflected omnibus progression, which involve the consonant triads and the dominant/half-diminished seventh chords, connected by the inclusion bijection. We provide other examples from Jazz tunes. More generally, we combine multiple simply transitive group actions via a ""meta-rotation""; examples include a simply transitive group acting on consonant triads and a variety of seventh chords, as well as a meta-rotation that realizes the root position seventh chord sequence of the flattening transformation (described by Clough-Douthett's J-function). The constructions in our theorems extend Lewin dual pairs to Lewin dual pairs. We formulate the constructions in terms of short exact sequences and central extensions as well. Contextual groups are also elucidated: the interval content of the generating pitch-class segment determines whether or not a generalized contextual group is generated by contextual inversions.",Arxiv
161,"Evaluating language models of tonal harmony. This study borrows and extends probabilistic language models from natural language processing to discover the syntactic properties of tonal harmony. Language models come in many shapes and sizes, but their central purpose is always the same: to predict the next event in a sequence of letters, words, notes, or chords. However, few studies employing such models have evaluated the most state-of-the-art architectures using a large-scale corpus of Western tonal music, instead preferring to use relatively small datasets containing chord annotations from contemporary genres like jazz, pop, and rock.   Using symbolic representations of prominent instrumental genres from the common-practice period, this study applies a flexible, data-driven encoding scheme to (1) evaluate Finite Context (or n-gram) models and Recurrent Neural Networks (RNNs) in a chord prediction task; (2) compare predictive accuracy from the best-performing models for chord onsets from each of the selected datasets; and (3) explain differences between the two model architectures in a regression analysis. We find that Finite Context models using the Prediction by Partial Match (PPM) algorithm outperform RNNs, particularly for the piano datasets, with the regression model suggesting that RNNs struggle with particularly rare chord types.",Arxiv
162,"Mining Hidden Populations through Attributed Search. Researchers often query online social platforms through their application programming interfaces (API) to find target populations such as people with mental illness~\cite{De-Choudhury2017} and jazz musicians~\cite{heckathorn2001finding}. Entities of such target population satisfy a property that is typically identified using an oracle (human or a pre-trained classifier). When the property of the target entities is not directly queryable via the API, we refer to the property as `hidden' and the population as a hidden population. Finding individuals who belong to these populations on social networks is hard because they are non-queryable, and the sampler has to explore from a combinatorial query space within a finite budget limit. By exploiting the correlation between queryable attributes and the population of interest and by hierarchically ordering the query space, we propose a Decision tree-based Thompson sampler (\texttt{DT-TMP}) that efficiently discovers the right combination of attributes to query. Our proposed sampler outperforms the state-of-the-art samplers in online experiments, for example by 54\% on Twitter. When the number of matching entities to a query is known in offline experiments, \texttt{DT-TMP} performs exceedingly well by a factor of 0.9-1.5$\times$ over the baseline samplers. In the future, we wish to explore the option of finding hidden populations by formulating more complex queries.",Arxiv
163,"Binaural recording methods with analysis on inter-aural time, level, and phase differences. Binaural recordings are a form of stereophonic recording method that replicates how human ears perceive sound, these types of recordings create a 3D aural image around the listener and are extremely immersive when well recorded and listened to appropriately with headphones. It has wide applications in video, podcast, and gaming formats -- allowing the listener to feel like they are there. Although binaural formats are seldom used for music applications, they have also been utilized in music ranging from Rock, Jazz, Acoustic, and Classical. In this paper, we will investigate the acoustical phenomenon that produces the binaural effect in audio recordings -- including the ITD (Inter-aural time difference), the ILD (inter-aural level difference), IPD (inter-aural phase difference) as well as the monaural spectral difference that occurs between two ears so we can better understand the replication of human hearing in binaural recordings. Binaural recordings differ from regular stereophonic recordings as they are arranged in a specific way to account for HRTF (Head-related transfer function). The most common method of binaural recordings is with two high-quality omni-directional microphones affixed on a dummy head where the ears are located, although other methods exist without the use of a full dummy head.",Arxiv
164,"Cosmic Piano: analysing the sound of the Universe. We present the Cosmic Piano, an innovative outreach tool designed to detect muons from air showers produced by cosmic rays colliding with the atmosphere. The Cosmic Piano consists of scintillator-based modules with avalanche photodiodes (APD) readout, which produce a musical note and a flash of light whenever a muon passes through one of them and triggers its electronics. The Cosmic Piano has been showcased at various high-profile events, including the Montreux Jazz Festival and the EuroScience Open Forum, seamlessly fusing scientific phenomena with live music. Building on its success, we have developed a new, comprehensive Masterclass session aimed at engaging high school and university students. This session includes analysing both simulated cosmic ray events and real data from the Cosmic Piano. The Masterclass provides participants with a hands-on experience that mirrors the experimental procedures used in major physics experiments, such as those conducted at CERN with the Large Hadron Collider (LHC) collision data. This initiative offers a unique opportunity for students to engage with an active experiment, bridging the gap between outreach and serious scientific research.",Arxiv
165,"Multi-Step Chord Sequence Prediction Based on Aggregated Multi-Scale Encoder-Decoder Network. This paper studies the prediction of chord progressions for jazz music by relying on machine learning models. The motivation of our study comes from the recent success of neural networks for performing automatic music composition. Although high accuracies are obtained in single-step prediction scenarios, most models fail to generate accurate multi-step chord predictions. In this paper, we postulate that this comes from the multi-scale structure of musical information and propose new architectures based on an iterative temporal aggregation of input labels. Specifically, the input and ground truth labels are merged into increasingly large temporal bags, on which we train a family of encoder-decoder networks for each temporal scale. In a second step, we use these pre-trained encoder bottleneck features at each scale in order to train a final encoder-decoder network. Furthermore, we rely on different reductions of the initial chord alphabet into three adapted chord alphabets. We perform evaluations against several state-of-the-art models and show that our multi-scale architecture outperforms existing methods in terms of accuracy and perplexity, while requiring relatively few parameters. We analyze musical properties of the results, showing the influence of downbeat position within the analysis window on accuracy, and evaluate errors using a musically-informed distance metric.",Arxiv
166,"Catch-A-Waveform: Learning to Generate Audio from a Single Short Example. Models for audio generation are typically trained on hours of recordings. Here, we illustrate that capturing the essence of an audio source is typically possible from as little as a few tens of seconds from a single training signal. Specifically, we present a GAN-based generative model that can be trained on one short audio signal from any domain (e.g. speech, music, etc.) and does not require pre-training or any other form of external supervision. Once trained, our model can generate random samples of arbitrary duration that maintain semantic similarity to the training waveform, yet exhibit new compositions of its audio primitives. This enables a long line of interesting applications, including generating new jazz improvisations or new a-cappella rap variants based on a single short example, producing coherent modifications to famous songs (e.g. adding a new verse to a Beatles song based solely on the original recording), filling-in of missing parts (inpainting), extending the bandwidth of a speech signal (super-resolution), and enhancing old recordings without access to any clean training example. We show that in all cases, no more than 20 seconds of training audio commonly suffice for our model to achieve state-of-the-art results. This is despite its complete lack of prior knowledge about the nature of audio signals in general.",Arxiv
167,"Personality Profiles of Global Software Developers. Context: Individuals' personality traits have been shown to influence their behavior during team work. In particular, positive group attitudes are said to be essential for distributed and global software development efforts where collaboration is critical to project success. Objective: Given this, we have sought to study the influence of global software practitioners' personality profiles from a psycholinguistic perspective. Method: Artifacts from ten teams were selected from the IBM Rational Jazz repository and mined. We employed social network analysis (SNA) techniques to identify and group practitioners into two clusters based on the numbers of messages they communicated, Top Members and Others, and used standard statistical techniques to assess practitioners' engagement in task changes associated with work items. We then performed psycholinguistic analysis on practitioners' messages using linguistic dimensions of the LIWC tool that had been previously correlated with the Big Five personality profiles. Results: For our sample of 146 practitioners, we found that the Top Members demonstrated more openness to experience than the Other practitioners. Additionally, practitioners involved in usability-related tasks were found to be highly extroverted, and coders were most neurotic and conscientious. Conclusion: High levels of organizational and inter-personal skills may be useful for those operating in distributed settings, and personality diversity is likely to boost team performance.",Arxiv
168,"End-to-end Music-mixed Speech Recognition. Automatic speech recognition (ASR) in multimedia content is one of the promising applications, but speech data in this kind of content are frequently mixed with background music, which is harmful for the performance of ASR. In this study, we propose a method for improving ASR with background music based on time-domain source separation. We utilize Conv-TasNet as a separation network, which has achieved state-of-the-art performance for multi-speaker source separation, to extract the speech signal from a speech-music mixture in the waveform domain. We also propose joint fine-tuning of a pre-trained Conv-TasNet front-end with an attention-based ASR back-end using both separation and ASR objectives. We evaluated our method through ASR experiments using speech data mixed with background music from a wide variety of Japanese animations. We show that time-domain speech-music separation drastically improves ASR performance of the back-end model trained with mixture data, and the joint optimization yielded a further significant WER reduction. The time-domain separation method outperformed a frequency-domain separation method, which reuses the phase information of the input mixture signal, both in simple cascading and joint training settings. We also demonstrate that our method works robustly for music interference from classical, jazz and popular genres.",Arxiv
169,"Identifying Cover Songs Using Information-Theoretic Measures of Similarity. This paper investigates methods for quantifying similarity between audio signals, specifically for the task of of cover song detection. We consider an information-theoretic approach, where we compute pairwise measures of predictability between time series. We compare discrete-valued approaches operating on quantised audio features, to continuous-valued approaches. In the discrete case, we propose a method for computing the normalised compression distance, where we account for correlation between time series. In the continuous case, we propose to compute information-based measures of similarity as statistics of the prediction error between time series. We evaluate our methods on two cover song identification tasks using a data set comprised of 300 Jazz standards and using the Million Song Dataset. For both datasets, we observe that continuous-valued approaches outperform discrete-valued approaches. We consider approaches to estimating the normalised compression distance (NCD) based on string compression and prediction, where we observe that our proposed normalised compression distance with alignment (NCDA) improves average performance over NCD, for sequential compression algorithms. Finally, we demonstrate that continuous-valued distances may be combined to improve performance with respect to baseline approaches. Using a large-scale filter-and-refine approach, we demonstrate state-of-the-art performance for cover song identification using the Million Song Dataset.",Arxiv
170,"Headphones on the wire. We analyze a dataset providing the complete information on the effective plays of thousands of music listeners during several months. Our analysis confirms a number of properties previously highlighted by research based on interviews and questionnaires, but also uncover new statistical patterns, both at the individual and collective levels. In particular, we show that individuals follow common listening rhythms characterized by the same fluctuations, alternating heavy and light listening periods, and can be classified in four groups of similar sizes according to their temporal habits --- 'early birds', 'working hours listeners', 'evening listeners' and 'night owls'. We provide a detailed radioscopy of the listeners' interplay between repeated listening and discovery of new content. We show that different genres encourage different listening habits, from Classical or Jazz music with a more balanced listening among different songs, to Hip Hop and Dance with a more heterogeneous distribution of plays. Finally, we provide measures of how distant people are from each other in terms of common songs. In particular, we show that the number of songs $S$ a DJ should play to a random audience of size $N$ such that everyone hears at least one song he/she currently listens to, is of the form $S\sim N^α$ where the exponent depends on the music genre and is in the range $[0.5,0.8]$. More generally, our results show that the recent access to virtually infinite catalogs of songs does not promote exploration for novelty, but that most users favor repetition of the same songs.",Arxiv
171,"Interactive Music and Synchronous Reactive Programming. This paper presents Skini, a programming methodology and an execution environment for interactive structured music. With this system, the composer programs his scores in the HipHop.js synchronous reactive language. They are then executed, or played, in live concerts, in interaction with the audience. The system aims at helping composers to find a good balance between the determinism of the compositions and the nondeterminism of the interactions with the public. Each execution of a Skini score yields to a different but aesthetically consistent interpretation. This work raises many questions in the musical fields. How to combine composition and interaction? How to control the musical style when the audience influences what is to play next? What are the possible connections with generative music? These are important questions for the Skini system but they are out of the scope of this paper that focuses exclusively on the computer science aspects of the system. From that perspective, the main questions are how to program the scores and in which language? General purpose languages are inappropriate because their elementary constructs (i.e., variables, functions, loops, etc.) do not match the constructions needed to express music and musical constraints. We show that synchronous programming languages are a much better fit because they rely on temporal constructs that can be directly used to represent musical scores and because their malleability enables composers to experiment easily with artistic variations of their initial scores. The paper mostly focuses on scores programming. It exposes the process a composer should follow from his very first musical intuitions up to the generation of a musical artifact. The paper presents some excerpts of the programming of a classical music composition that it then precisely relates to an actual recording. Examples of techno music and jazz are also presented, with audio artifact, to demonstrate the versatility of the system. Finally, brief presentations of past live concerts are presented as an evidence of viability of the system.",Arxiv
172,"Communication and Personality Profiles of Global Software Developers. Context: Prior research has established that a small proportion of individuals dominate team communication during global software development. It is not known, however, how these members' contributions affect their teams' knowledge diffusion process, or whether their personality profiles are responsible for their dominant presence. Objective: We set out to address this gap through the study of repository artifacts. Method: Artifacts from ten teams were mined from the IBM Rational Jazz repository. We employed social network analysis (SNA) to group practitioners into two clusters, Top Members and Others, based on the numbers of messages they communicated and their engagement in task changes. SNA metrics (density, in-degree and closeness) were then used to study practitioners' importance in knowledge diffusion. Thereafter, we performed psycholinguistic analysis on practitioners' messages using linguistic dimensions that had been previously correlated with the Big Five personality profiles. Results: For our sample of 146 practitioners we found that Top Members occupied critical roles in knowledge diffusion, and demonstrated more openness to experience than the Others. Additionally, all personality profiles were represented during teamwork, although openness to experience, agreeableness and extroversion were particularly evident. However, no specific personality predicted members' involvement in knowledge diffusion. Conclusion: Task assignment that promotes highly connected team communication networks may mitigate tacit knowledge loss in global software teams. Additionally, while members expressing openness to experience are likely to be particularly driven to perform, this is not entirely responsible for a global team's success.",Arxiv
173,"Uncovering implementable dormant pruning decisions from three different stakeholder perspectives. Dormant pruning, or the removal of unproductive portions of a tree while a tree is not actively growing, is an important orchard task to help maintain yield, requiring years to build expertise. Because of long training periods and an increasing labor shortage in agricultural jobs, pruning could benefit from robotic automation. However, to program robots to prune branches, we first need to understand how pruning decisions are made, and what variables in the environment (e.g., branch size and thickness) we need to capture. Working directly with three pruning stakeholders -- horticulturists, growers, and pruners -- we find that each group of human experts approaches pruning decision-making differently. To capture this knowledge, we present three studies and two extracted pruning protocols from field work conducted in Prosser, Washington in January 2022 and 2023. We interviewed six stakeholders (two in each group) and observed pruning across three cultivars -- Bing Cherries, Envy Apples, and Jazz Apples -- and two tree architectures -- Upright Fruiting Offshoot and V-Trellis. Leveraging participant interviews and video data, this analysis uses grounded coding to extract pruning terminology, discover horticultural contexts that influence pruning decisions, and find implementable pruning heuristics for autonomous systems. The results include a validated terminology set, which we offer for use by both pruning stakeholders and roboticists, to communicate general pruning concepts and heuristics. The results also highlight seven pruning heuristics utilizing this terminology set that would be relevant for use by future autonomous robot pruning systems, and characterize three discovered horticultural contexts (i.e., environmental management, crop-load management, and replacement wood) across all three cultivars.",Arxiv
174,"A Survey of Music Generation in the Context of Interaction. In recent years, machine learning, and in particular generative adversarial neural networks (GANs) and attention-based neural networks (transformers), have been successfully used to compose and generate music, both melodies and polyphonic pieces. Current research focuses foremost on style replication (eg. generating a Bach-style chorale) or style transfer (eg. classical to jazz) based on large amounts of recorded or transcribed music, which in turn also allows for fairly straight-forward ""performance"" evaluation. However, most of these models are not suitable for human-machine co-creation through live interaction, neither is clear, how such models and resulting creations would be evaluated. This article presents a thorough review of music representation, feature analysis, heuristic algorithms, statistical and parametric modelling, and human and automatic evaluation measures, along with a discussion of which approaches and models seem most suitable for live interaction.",Arxiv
175,"From vertex detectors to inner trackers with CMOS pixel sensors. The use of CMOS Pixel Sensors (CPS) for high resolution and low material vertex detectors has been validated with the 2014 and 2015 physics runs of the STAR-PXL detector at RHIC/BNL. This opens the door to the use of CPS for inner tracking devices, with 10-100 times larger sensitive area, which require therefore a sensor design privileging power saving, response uniformity and robustness. The 350 nm CMOS technology used for the STAR-PXL sensors was considered as too poorly suited to upcoming applications like the upgraded ALICE Inner Tracking System (ITS), which requires sensors with one order of magnitude improvement on readout speed and improved radiation tolerance. This triggered the exploration of a deeper sub-micron CMOS technology, Tower-Jazz 180 nm, for the design of a CPS well adapted for the new ALICE-ITS running conditions. This paper reports the R&D results for the conception of a CPS well adapted for the ALICE-ITS.",Arxiv
176,"Taste or Addiction?: Using Play Logs to Infer Song Selection Motivation. Online music services are increasing in popularity. They enable us to analyze people's music listening behavior based on play logs. Although it is known that people listen to music based on topic (e.g., rock or jazz), we assume that when a user is addicted to an artist, s/he chooses the artist's songs regardless of topic. Based on this assumption, in this paper, we propose a probabilistic model to analyze people's music listening behavior. Our main contributions are three-fold. First, to the best of our knowledge, this is the first study modeling music listening behavior by taking into account the influence of addiction to artists. Second, by using real-world datasets of play logs, we showed the effectiveness of our proposed model. Third, we carried out qualitative experiments and showed that taking addiction into account enables us to analyze music listening behavior from a new viewpoint in terms of how people listen to music according to the time of day, how an artist's songs are listened to by people, etc. We also discuss the possibility of applying the analysis results to applications such as artist similarity computation and song recommendation.",Arxiv
177,"MusiCRS: Benchmarking Audio-Centric Conversational Recommendation. Conversational recommendation has advanced rapidly with large language models (LLMs), yet music remains a uniquely challenging domain where effective recommendations require reasoning over audio content beyond what text or metadata can capture. We present MusiCRS, the first benchmark for audio-centric conversational recommendation that links authentic user conversations from Reddit with corresponding audio tracks. MusiCRS contains 477 high-quality conversations spanning diverse genres (classical, hip-hop, electronic, metal, pop, indie, jazz) with 3,589 unique musical entities and audio grounding via YouTube links. MusiCRS enables evaluation across three input modality configurations: audio-only, query-only, and audio+query (multimodal), allowing systematic comparison of audio-LLMs, retrieval models, and traditional approaches. Our experiments reveal that current systems rely heavily on textual signals and struggle with nuanced audio reasoning. This exposes fundamental limitations in cross-modal knowledge integration where models excel at dialogue semantics but cannot effectively ground abstract musical concepts in actual audio content. To facilitate progress, we release the MusiCRS dataset (https://huggingface.co/datasets/rohan2810/MusiCRS), evaluation code (https://github.com/rohan2810/musiCRS), and comprehensive baselines.",Arxiv
